/*
 Navicat MySQL Data Transfer

 Source Server         : MySQL Localhost
 Source Server Version : 50525
 Source Host           : localhost
 Source Database       : test

 Target Server Version : 50525
 File Encoding         : utf-8

 Date: 05/24/2013 14:34:53 PM
*/

SET NAMES utf8;
SET FOREIGN_KEY_CHECKS = 0;

-- ----------------------------
--  Records of `ci_sessions`
-- ----------------------------
BEGIN;
INSERT INTO `ci_sessions` (`session_id`, `ip_address`, `user_agent`, `last_activity`, `user_data`) VALUES ('8c06a9b350778c6ceffaf8048913096f', '127.0.0.1', 'Mozilla/5.0 (Windows NT 6.1; rv:20.0) Gecko/20100101 Firefox/20.0', '1369104658', 'a:1:{s:9:\"user_data\";s:0:\"\";}');
COMMIT;

-- ----------------------------
--  Records of `customer`
-- ----------------------------
BEGIN;
INSERT INTO `customer` (`customerid`, `code`, `fullname`, `nickname`, `business_type`, `other_business_type`, `company_name`, `company_address`, `company_city`, `company_province`, `customer_groupid`, `status`, `address`, `city`, `province`, `phone`, `mobile`, `fax`, `email`, `npwp`, `credit_limit`, `pkp`, `type`, `other_type`, `term_of_payment`, `time_of_credit`, `method_of_payment`, `bank`, `other_bank`, `average_purchase`, `photo`, `created_date`, `modified_date`, `created_by`, `modified_by`) VALUES ('1', 'L0001PKP', 'Lusiane Kurniadi', 'Lusi', 'PT / CV', '', 'Sinar Pelita', 'Samudra 17', 'Surabaya', 'Jawa Timur', '1', 'Belum Terverifikasi', 'Jl. Trunojoyo 85', 'Surabaya', 'Jawa Timur', '031-3525839', '', '', '', '014795892613000', '', 'Ya', 'Nama Toko / PT / CV / Bank', '', '[\"Tunai\"]', '', '[\"Tunai\"]', '[]', '', 'lebih dari 300 jt', 'no_image.jpg', '2013-05-07 10:46:43', '2013-05-07 10:46:43', '2', '2');
COMMIT;

-- ----------------------------
--  Records of `customer_group`
-- ----------------------------
BEGIN;
INSERT INTO `customer_group` (`customer_groupid`, `code`, `name`, `discount_1`, `discount_2`, `discount_3`, `status`, `created_date`, `modified_date`, `created_by`, `modified_by`) VALUES ('1', 'GCA', 'Grup Customer A', '3.5%', '', '', 'Aktif', '2013-05-07 10:07:11', '2013-05-07 10:07:11', '2', '2'), ('2', 'GCB', 'Grup Customer B', '2.5%', '', '', 'Aktif', '2013-05-07 10:07:29', '2013-05-07 10:07:29', '2', '2'), ('3', 'GCC', 'Grup Customer C', '0', '', '', 'Aktif', '2013-05-07 10:07:44', '2013-05-07 10:07:44', '2', '2');
COMMIT;

-- ----------------------------
--  Records of `department`
-- ----------------------------
BEGIN;
INSERT INTO `department` (`departmentid`, `code`, `name`, `status`, `created_date`, `modified_date`, `created_by`, `modified_by`) VALUES ('1', 'BOD', 'Board Of Director', 'Aktif', '2013-04-30 04:19:39', '2013-04-30 04:19:39', '1', '1'), ('2', 'ACC', 'Accounting &amp; Finance', 'Aktif', '2013-04-30 04:21:29', '2013-04-30 04:21:29', '1', '1'), ('3', 'MKT', 'Marketing', 'Aktif', '2013-04-30 04:22:47', '2013-04-30 04:22:47', '1', '1'), ('4', 'PCH', 'Purchasing', 'Aktif', '2013-04-30 04:23:19', '2013-04-30 04:23:19', '1', '1'), ('5', 'EDP', 'Edp', 'Aktif', '2013-04-30 04:24:04', '2013-04-30 04:24:04', '1', '1'), ('6', 'HRD', 'Human Resource Development', 'Aktif', '2013-04-30 04:25:09', '2013-04-30 04:25:09', '1', '1'), ('7', 'EXP', 'Ekspedisi', 'Aktif', '2013-04-30 07:08:33', '2013-04-30 07:08:33', '2', '2');
COMMIT;

-- ----------------------------
--  Records of `inventory`
-- ----------------------------
BEGIN;
INSERT INTO `inventory` (`inventoryid`, `code`, `stock`, `warehouseid`, `productid`, `created_date`, `modified_date`, `created_by`, `modified_by`) VALUES ('1', 'GA01', '0', '1', '88', '2013-05-07 14:14:46', '2013-05-07 14:15:01', '2', '2'), ('2', 'GA02', '0', '1', '10', '2013-05-07 14:16:47', '2013-05-07 14:16:59', '2', '2'), ('3', 'GB01', '500', '2', '88', '2013-05-15 09:23:52', '2013-05-15 09:24:20', '2', '2'), ('4', 'GA03', '0', '1', '89', '2013-05-15 09:32:53', '2013-05-15 09:32:53', '2', '2'), ('5', 'GA04', '550', '1', '90', '2013-05-15 09:33:04', '2013-05-17 12:03:22', '2', '2'), ('6', 'GB02', '0', '2', '10', '2013-05-15 09:33:59', '2013-05-15 09:33:59', '2', '2'), ('7', 'GB03', '600', '2', '89', '2013-05-15 09:34:16', '2013-05-15 09:35:25', '2', '2'), ('8', 'GB04', '0', '2', '90', '2013-05-15 09:34:29', '2013-05-15 09:34:29', '2', '2');
COMMIT;

-- ----------------------------
--  Records of `product`
-- ----------------------------
BEGIN;
INSERT INTO `product` (`productid`, `code`, `name`, `type`, `price`, `description`, `status`, `minimum_stock`, `total_stock`, `smallest_unit`, `created_date`, `modified_date`, `created_by`, `modified_by`, `product_groupid`, `product_categoryid`) VALUES ('1', 'BBO-EB-42', 'Big Boss Buku Tulis Isi 42 Lembar', 'Trading', '2910', 'ukuran 25.0 x 18.0', 'Aktif', '6000', '0', 'PCS', '2013-04-30 16:05:08', '2013-05-01 08:35:40', '2', '2', '2', '3'), ('2', 'BBO-EB-42-CLASSIC', 'Big Boss Buku Tulis Classic Isi 42 Lembar', 'Trading', '2910', 'ukuran 25.0 x 18.0', 'Aktif', '6000', '0', 'PCS', '2013-05-01 08:40:09', '2013-05-01 08:40:09', '2', '2', '2', '3'), ('3', 'BBO-EB-42-BB', 'Big Boss Buku Tulis Edisi Barbie Isi 42 Lembar', 'Trading', '2910', 'ukuran 25.0 x 18.0', 'Aktif', '6000', '0', 'PCS', '2013-05-01 08:44:18', '2013-05-01 09:02:26', '2', '2', '2', '3'), ('4', 'BBO-EB-42-CB', 'Big Boss Buku Tulis Edisi Cherlie Belle Isi 42 Lembar', 'Trading', '2910', 'ukuran 25.0 x 18.0', 'Aktif', '6000', '0', 'PCS', '2013-05-01 08:56:15', '2013-05-01 08:56:15', '2', '2', '2', '3'), ('5', 'BBO-EB-42-NS', 'Big Boss Buku Tulis Edisi Naruto Shippuden Isi 42 Lembar', 'Trading', '2910', 'ukuran 25.0 x 18.0', 'Aktif', '6000', '0', 'PCS', '2013-05-01 09:04:05', '2013-05-01 09:13:04', '2', '2', '2', '3'), ('6', 'BBO-EB-42-KT', 'Big Boss Buku Tulis Edisi Hello Kitty Isi 42 Lembar', 'Trading', '2910', 'ukuran 25.0 x 18.0', 'Aktif', '6000', '0', 'PCS', '2013-05-01 09:06:45', '2013-05-01 09:06:45', '2', '2', '2', '3'), ('7', 'BBO-EB-42-A4', 'Big Boss Buku Tulis A4 Isi 42 Lembar', 'Trading', '3730', 'ukuran 29.7 x 21.0', 'Aktif', '6000', '0', 'PCS', '2013-05-01 09:09:05', '2013-05-01 09:09:05', '2', '2', '2', '3'), ('8', 'SDU-EB-30-B', 'Sinar Dunia Buku Tulis Boxy Isi 30 Lembar', 'Trading', '1870', 'ukuran 25.0 x 18.0', 'Aktif', '6000', '0', 'PCS', '2013-05-01 09:15:01', '2013-05-01 10:04:53', '2', '2', '2', '3'), ('9', 'SDU-EB-32', 'Sinar Dunia Buku Tulis Isi 32 Lembar', 'Trading', '1530', 'ukuran 21.0 x 16.0', 'Aktif', '6000', '0', 'PCS', '2013-05-01 09:16:51', '2013-05-01 09:16:51', '2', '2', '2', '3'), ('10', 'SDU-EB-38', 'Sinar Dunia Buku Tulis Isi 38 Lembar', 'Trading', '1770', 'ukuran 21.0 x 16.0', 'Aktif', '6000', '32000', 'PCS', '2013-05-01 09:19:15', '2013-05-01 09:19:15', '2', '2', '2', '3'), ('11', 'SDU-EB-38-BB', 'Sinar Dunia Buku Tulis Edisi Barbie Isi 38 Lembar', 'Trading', '1770', 'ukuran 21.0 x 16.0', 'Aktif', '6000', '0', 'PCS', '2013-05-01 09:24:53', '2013-05-01 09:24:53', '2', '2', '2', '3'), ('12', 'SDU-EB-38-CB', 'Sinar Dunia Buku Tulis Edisi Cherlie Belle Isi 38 Lembar', 'Trading', '1770', 'ukuran 21.0 x 16.0', 'Aktif', '6000', '0', 'PCS', '2013-05-01 09:27:12', '2013-05-01 09:27:12', '2', '2', '2', '3'), ('13', 'SDU-EB-38-HW', 'Sinar Dunia Buku Tulis Edisi Hot Wheels Isi 38 Lembar', 'Trading', '1770', 'ukuran 21.0 x 16.0', 'Aktif', '6000', '0', 'PCS', '2013-05-01 09:31:17', '2013-05-01 10:06:03', '2', '2', '2', '3'), ('14', 'SDU-EB-38-KT', 'Sinar Dunia Buku Tulis Edisi Hello Kitty Isi 38 Lembar', 'Trading', '1770', 'ukuran 21.0 x 16.0', 'Aktif', '6000', '0', 'PCS', '2013-05-01 09:32:56', '2013-05-01 09:32:56', '2', '2', '2', '3'), ('15', 'SDU-EB-38-AK', 'Sinar Dunia Buku Tulis Edisi Animal Kaiser Isi 38 Lembar', 'Trading', '1770', 'ukuran 21.0 x 16.0', 'Aktif', '6000', '0', 'PCS', '2013-05-01 09:34:16', '2013-05-01 09:34:16', '2', '2', '2', '3'), ('16', 'SDU-EB-38-NS', 'Sinar Dunia Buku Tulis Edisi Naruto Shippuden Isi 38 Lembar', 'Trading', '1770', 'ukuran 21.0 x 16.0', 'Aktif', '6000', '0', 'PCS', '2013-05-01 09:35:37', '2013-05-01 09:35:37', '2', '2', '2', '3'), ('17', 'SDU-EB-38-SQ10', 'Sinar Dunia Buku Tulis Edisi SQ 10 Mandarin Isi 38 Lembar', 'Trading', '1770', 'ukuran 21.0 x 16.0', 'Aktif', '6000', '0', 'PCS', '2013-05-01 09:48:05', '2013-05-01 09:48:05', '2', '2', '2', '3'), ('18', 'SDU-EB-38-SQ14', 'Sinar Dunia Buku Tulis Edisi SQ 14 Mandarin Isi 38 Lembar', 'Trading', '1770', 'ukuran 21.0 x 16.0', 'Aktif', '6000', '0', 'PCS', '2013-05-01 09:53:28', '2013-05-01 09:53:28', '2', '2', '2', '3'), ('19', 'SDU-EB-38-STR', 'Sinar Dunia Buku Strimin Isi 38 Lembar', 'Trading', '1770', 'ukuran 21.0 x 16.0', 'Aktif', '6000', '0', 'PCS', '2013-05-01 10:03:43', '2013-05-01 10:03:43', '2', '2', '2', '3'), ('20', 'SDU-EB-38-HLS', 'Sinar Dunia Buku Tulis Halus Isi 38 Lembar', 'Trading', '1770', 'ukuran 21.0 x 16.0', 'Aktif', '6000', '0', 'PCS', '2013-05-01 10:10:19', '2013-05-01 10:10:19', '2', '2', '2', '3'), ('21', 'SDU-EB-58', 'Sinar Dunia Buku Tulis Isi 58 Lembar', 'Trading', '2590', 'ukuran 21.0 x 16.0', 'Aktif', '6000', '0', 'PCS', '2013-05-01 10:14:09', '2013-05-01 10:14:09', '2', '2', '2', '3'), ('22', 'SDU-EB-58-BB', 'Sinar Dunia Buku Tulis Edisi Barbie Isi 58 Lembar', 'Trading', '2590', 'ukuran 21.0 x 16.0', 'Aktif', '6000', '0', 'PCS', '2013-05-01 10:18:50', '2013-05-01 10:18:50', '2', '2', '2', '3'), ('23', 'SDU-EB-58-CB', 'Sinar Dunia Buku Tulis Edisi Cherlie Belle Isi 58 Lembar', 'Trading', '2590', 'ukuran 21.0 x 16.0', 'Aktif', '6000', '0', 'PCS', '2013-05-01 10:21:03', '2013-05-01 10:21:03', '2', '2', '2', '3'), ('24', 'SDU-EB-58-HW', 'Sinar Dunia Buku Tulis Edisi Hot Wheels Isi 58 Lembar', 'Trading', '2590', 'ukuan 21.0 x 16.0', 'Aktif', '6000', '0', 'PCS', '2013-05-01 10:22:56', '2013-05-01 10:22:56', '2', '2', '2', '3'), ('25', 'SDU-EB-58-KT', 'Sinar Dunia Buku Tulis Edisi Hello Kitty Isi 58 Lembar', 'Trading', '2590', 'ukuran 21.0 x 16.0', 'Aktif', '6000', '0', 'PCS', '2013-05-01 10:27:03', '2013-05-01 10:27:03', '2', '2', '2', '3'), ('26', 'SDU-EB-58-AK', 'Sinar Dunia Buku Tulis Edisi Animal Kaiser Isi 58 Lembar', 'Trading', '2590', 'ukuran 21.0 x 16.0', 'Aktif', '6000', '0', 'PCS', '2013-05-01 10:29:13', '2013-05-01 10:29:13', '2', '2', '2', '3'), ('27', 'SDU-EB-58-NS', 'Sinar Dunia Buku Tulis Edisi Naruto Shippuden Isi 58 Lembar', 'Trading', '2590', 'ukuran 21.0 x 16.0', 'Aktif', '6000', '0', 'PCS', '2013-05-01 10:31:03', '2013-05-01 10:31:03', '2', '2', '2', '3'), ('28', 'SDU-EB-78', 'Sinar Dunia Buku Tulis Isi 78 Lembar', 'Trading', '3410', 'ukuran 21.0 x 16.0', 'Aktif', '6000', '0', 'PCS', '2013-05-01 10:34:37', '2013-05-01 10:34:37', '2', '2', '2', '3'), ('29', 'SDU-EB-100', 'Sinar Dunia Buku Tulis Isi 100 Lembar', 'Trading', '3950', 'ukuran 21.0 x 16.0', 'Aktif', '6000', '0', 'PCS', '2013-05-01 10:37:27', '2013-05-01 10:37:27', '2', '2', '2', '3'), ('30', 'ELV-EB-30', 'Enlivo Buku Tulis Isi 30 Lembar', 'Trading', '2130', 'ukuran 25.2 x 17.9', 'Aktif', '6000', '0', 'PCS', '2013-05-01 10:38:30', '2013-05-01 10:38:30', '2', '2', '2', '3'), ('31', 'ELV-EB-40', 'Enlivo Buku Tulis Isi 40 Lembar', 'Trading', '2640', 'ukuran 25.2 x 17.9', 'Aktif', '6000', '0', 'PCS', '2013-05-01 10:44:35', '2013-05-01 10:44:35', '2', '2', '2', '3'), ('32', 'ZIG-EB-40', 'Zig Zag Buku Tulis Isi 40 Lembar', 'Trading', '1850', 'ukuran 25.2 x 17.9', 'Aktif', '6000', '0', 'PCS', '2013-05-01 10:45:43', '2013-05-01 10:45:43', '2', '2', '2', '3'), ('33', 'DOD-EB-20', 'Dodo Buku Tulis Isi 20 Lembar', 'Trading', '450', 'ukuran 20.5 x 15.5', 'Aktif', '6000', '0', 'PCS', '2013-05-01 10:52:01', '2013-05-01 10:52:01', '2', '2', '2', '3'), ('34', 'DOD-EB-26', 'Dodo Buku Tulis Isi 26 Lembar', 'Trading', '550', 'ukuran 20.5 x 15.5', 'Aktif', '6000', '0', 'PCS', '2013-05-01 10:52:56', '2013-05-01 10:52:56', '2', '2', '2', '3'), ('35', 'DDO-EB-30', 'Dodo Buku Tulis Isi 30 Lembar', 'Trading', '620', 'ukuran 20.5 x 15.5', 'Aktif', '6000', '0', 'PCS', '2013-05-01 10:53:52', '2013-05-01 10:53:52', '2', '2', '2', '3'), ('36', 'DDO-EB-34', 'Dodo Buku Tulis Isi 34 Lembar', 'Trading', '700', 'ukuran 20.5 x 15.5', 'Aktif', '6000', '0', 'PCS', '2013-05-01 10:54:50', '2013-05-01 10:54:50', '2', '2', '2', '3'), ('37', 'DOD-EB-38', 'Dodo Buku Tulis Isi 38 Lembar', 'Trading', '750', 'ukuran 20.5 x 15.5', 'Aktif', '6000', '0', 'PCS', '2013-05-01 10:55:36', '2013-05-01 10:55:36', '2', '2', '2', '3'), ('38', 'DOD-EB-50', 'Dodo Buku Tulis Isi 50 Lembar', 'Trading', '950', 'ukuran 20.5 x 15.5', 'Aktif', '6000', '0', 'PCS', '2013-05-01 10:56:27', '2013-05-01 10:56:27', '2', '2', '2', '3'), ('39', 'DOD-EB-58', 'Dodo Buku Tulis Isi 58 Lembar', 'Trading', '1080', 'ukuran 20.5 x 15.5', 'Aktif', '6000', '0', 'PCS', '2013-05-01 10:59:30', '2013-05-01 10:59:30', '2', '2', '2', '3'), ('40', 'MRG-EB-26', 'Mirage Buku Tulis Isi 26 Lembar', 'Trading', '760', 'ukuran 21.0 x 16.0', 'Aktif', '6000', '0', 'PCS', '2013-05-01 11:06:08', '2013-05-01 11:06:08', '2', '2', '2', '3'), ('41', 'MRG-EB-30', 'Mirage Buku Tulis Isi 30 Lembar', 'Trading', '830', 'ukuran 21.0 x 16.0', 'Aktif', '6000', '0', 'PCS', '2013-05-01 11:06:59', '2013-05-01 11:06:59', '2', '2', '2', '3'), ('42', 'MRG-EB-34', 'Mirage Buku Tulis Isi 34 Lembar', 'Trading', '930', 'ukuran 21.0 x 16.0', 'Aktif', '6000', '0', 'PCS', '2013-05-01 11:08:07', '2013-05-01 11:08:07', '2', '2', '2', '3'), ('43', 'MRG-EB-38', 'Mirage Buku Tulis Isi 38 Lembar', 'Trading', '1010', 'ukuran 21.0 x 16.0', 'Aktif', '6000', '0', 'PCS', '2013-05-01 11:08:52', '2013-05-01 11:08:52', '2', '2', '2', '3'), ('44', 'MRG-EB-50', 'Mirage Buku Tulis Isi 50 Lembar', 'Trading', '1280', 'ukuran 21.0 x 16.0', 'Aktif', '6000', '0', 'PCS', '2013-05-01 11:09:37', '2013-05-01 11:09:37', '2', '2', '2', '3'), ('45', 'SKO-EB-38', 'Skola Buku Tulis Isi 38 Lembar', 'Trading', '1200', 'ukuran 21.0 x 16.0', 'Aktif', '6000', '0', 'PCS', '2013-05-01 11:10:38', '2013-05-01 11:10:38', '2', '2', '2', '3'), ('46', 'SKO-EB-58', 'Skola Buku Tulis Isi 58 Lembar', 'Trading', '1770', 'ukuran 21.0 x 16.0', 'Aktif', '6000', '0', 'PCS', '2013-05-01 11:11:27', '2013-05-01 11:11:27', '2', '2', '2', '3'), ('47', 'SDU-SHB-BATIK-S', 'Sinar Dunia Shopping Bag Batik Small', 'Trading', '2550', 'ukuran 15.0 x 6.0 x 22.0', 'Aktif', '0', '0', 'PCS', '2013-05-01 11:19:49', '2013-05-01 11:19:49', '2', '2', '2', '16'), ('48', 'SDU-SHB-BATIK-M', 'Sinar Dunia Shopping Bag Batik Medium', 'Trading', '3180', 'ukuran 19.0 x 10.0 x 22.5', 'Aktif', '0', '0', 'PCS', '2013-05-01 11:20:51', '2013-05-01 11:20:51', '2', '2', '2', '16'), ('49', 'SDU-SHB-BATIK-L', 'Sinar Dunia Shopping Bag Batik Large', 'Trading', '4620', 'ukuran 27.5 x 12.0 x 36.5', 'Aktif', '0', '0', 'PCS', '2013-05-01 11:21:48', '2013-05-01 11:21:48', '2', '2', '2', '16'), ('50', 'SDU-MB-20-F4', 'Sinar Dunia Millimeter Block F4 Isi 20 Lembar', 'Trading', '2290', 'ukuran 21.5 x 32.0', 'Aktif', '0', '0', 'PCS', '2013-05-01 11:25:16', '2013-05-01 11:25:16', '2', '2', '2', '17'), ('51', 'SDU-MB-20-A3', 'Sinar Dunia Millimeter Block A3 Isi 20 Lembar', 'Trading', '4470', 'ukuran 32.0 x 42.0', 'Aktif', '0', '0', 'PCS', '2013-05-01 11:27:04', '2013-05-01 11:27:04', '2', '2', '2', '17'), ('52', 'SDU-SB-30-A4', 'Sinar Dunia Sketch Book A4 Isi 30 Lembar', 'Trading', '5720', 'ukuran 21.00 x 29.50', 'Aktif', '0', '0', 'PCS', '2013-05-01 11:28:27', '2013-05-01 11:28:27', '2', '2', '2', '18'), ('53', 'SDU-SB-30-A3', 'Sinar Dunia Sketch Book A3 Isi 30 Lembar', 'Trading', '11690', 'ukuran 42.00 x 29.50', 'Aktif', '0', '0', 'PCS', '2013-05-01 11:30:06', '2013-05-01 11:30:06', '2', '2', '2', '18'), ('54', 'SDU-RF-20', 'Sinar Dunia Rolling Folio Isi 20 Lembar', 'Trading', '2480', 'ukuran 32.0 x 42.0', 'Aktif', '0', '0', 'PCS', '2013-05-01 11:42:19', '2013-05-01 11:42:19', '2', '2', '2', '19'), ('55', 'SDU-RF-100', 'Sinar Dunia Rolling Folio Isi 100 Lembar', 'Trading', '11890', 'ukuran 32.0 x 42.0', 'Aktif', '0', '0', 'PCS', '2013-05-01 11:43:55', '2013-05-01 11:43:55', '2', '2', '2', '19'), ('56', 'SDU-RF-200', 'Sinar Dunia Rolling Folio Isi 200 Lembar', 'Trading', '23460', 'ukuran 32.0 x 42.0', 'Aktif', '0', '0', 'PCS', '2013-05-01 11:44:37', '2013-05-01 11:44:37', '2', '2', '2', '19'), ('57', 'HPO-EB-38', 'Hipo Buku Tulis Warna Isi 38 Lembar', 'Trading', '1680', 'ukuran 21.0 x 16.0', 'Aktif', '0', '0', 'PCS', '2013-05-01 12:08:03', '2013-05-01 12:18:10', '2', '2', '2', '3'), ('58', 'HPO-EB-38-P', 'Hipo Buku Tulis Polos Isi 38 Lembar', 'Trading', '1550', 'ukuran 21.0 x 16.0', 'Aktif', '0', '0', 'PCS', '2013-05-01 12:11:12', '2013-05-01 12:19:03', '2', '2', '2', '3'), ('59', 'HPO-EB-42', 'Hipo Buku Tulis Warna Isi 42 Lembar', 'Trading', '2770', 'ukuran 25.0 x 18.0', 'Aktif', '0', '0', 'PCS', '2013-05-01 12:12:54', '2013-05-01 12:19:23', '2', '2', '2', '3'), ('60', 'HPO-EB-42-P', 'Hipo Buku Tulis Polos Isi 42 Lembar', 'Trading', '2560', 'ukuran 25.0 x 18.0', 'Aktif', '0', '0', 'PCS', '2013-05-01 12:15:41', '2013-05-01 12:20:01', '2', '2', '2', '3'), ('61', 'HPO-EB-58', 'Hipo Buku Tulis Warna Isi 58 Lembar', 'Trading', '2450', 'ukuran 21.0 x 16.0', 'Aktif', '0', '0', 'PCS', '2013-05-01 12:17:36', '2013-05-01 12:20:31', '2', '2', '2', '3'), ('62', 'HPO-EB-58-P', 'Hipo Buku Tulis Polos Isi 58 Lembar', 'Trading', '2260', 'ukuran 21.0 x 16.0', 'Aktif', '0', '0', 'PCS', '2013-05-01 12:21:41', '2013-05-01 12:21:41', '2', '2', '2', '3'), ('63', 'HPO-EB-100', 'Hipo Buku Tulis Warna Isi 100 Lembar', 'Trading', '3730', 'ukuran 21.0 x 16.0', 'Aktif', '0', '0', 'PCS', '2013-05-01 12:22:32', '2013-05-01 12:22:32', '2', '2', '2', '3'), ('64', 'HPO-EB-100-SQ5', 'Hipo Buku Tulis Warna SQ5 Isi 100 Lembar', 'Trading', '3730', 'ukuran 21.0 x 16.0', 'Aktif', '0', '0', 'PCS', '2013-05-01 12:24:28', '2013-05-01 12:24:28', '2', '2', '2', '3'), ('65', 'HPO-GW-K', 'Hipo Kertas Kado Kecil', 'Trading', '385', 'ukuran 49.0 x 64.0', 'Aktif', '0', '0', 'PCS', '2013-05-01 12:42:48', '2013-05-01 12:42:48', '2', '2', '2', '20'), ('66', 'HPO-HC-100-Q', 'Hipo Hard Cover Quarto Isi 100 Lembar', 'Trading', '4770', 'ukuran 21.0 x 16.0', 'Aktif', '0', '0', 'PCS', '2013-05-01 12:45:59', '2013-05-01 12:45:59', '2', '2', '2', '21'), ('67', 'HPO-HC-100-F', 'Hipo Hard Cover Folio Isi 100 Lembar', 'Trading', '9250', 'ukuran 31.0 x 21.0', 'Aktif', '0', '0', 'PCS', '2013-05-01 12:47:16', '2013-05-01 12:47:16', '2', '2', '2', '21'), ('68', 'HPO-LL-50-B5', 'Hipo Loose Leaf B5 Isi 50 Lembar', 'Trading', '2720', 'ukuran 25.7 x 18.2', 'Aktif', '0', '0', 'PAK', '2013-05-01 12:49:55', '2013-05-01 12:49:55', '2', '2', '2', '14'), ('69', 'HPO-LL-100-B5', 'Hipo Loose Leaf B5 Isi 100 Lembar', 'Trading', '5140', 'ukuran 25.7 x 18.2', 'Aktif', '0', '0', 'PAK', '2013-05-01 12:53:20', '2013-05-01 12:55:14', '2', '2', '2', '14'), ('70', 'HPO-LL-50-A5', 'Hipo Loose Leaf A5 Isi 50 Lembar', 'Trading', '1870', 'ukuran 21.0 x 15.0', 'Aktif', '0', '0', 'PAK', '2013-05-01 12:54:40', '2013-05-01 12:54:40', '2', '2', '2', '14'), ('71', 'HPO-LL-100-A5', 'Hipo Loose Leaf A5 Isi 100 Lembar', 'Trading', '3510', 'ukuran 21.0 x 15.0', 'Aktif', '0', '0', 'PAK', '2013-05-01 12:56:31', '2013-05-01 12:56:31', '2', '2', '2', '14'), ('72', 'HPO-LL-25-A5-FDC', 'Hipo Loose Leaf A5 Fancy Isi 25 Lembar', 'Trading', '1550', 'ukuran 21.0 x 15.0', 'Aktif', '0', '0', 'PAK', '2013-05-01 13:38:44', '2013-05-01 13:52:59', '2', '2', '2', '14'), ('73', 'HPO-LL-50-A5-FDC', 'Hipo Loose Leaf A5 Fancy Isi 50 Lembar', 'Trading', '2770', 'ukuran 21.0 x 15.0', 'Aktif', '0', '0', 'PAK', '2013-05-01 13:42:23', '2013-05-01 13:55:18', '2', '2', '2', '14'), ('74', 'HPO-LL-25-B5-FDC', 'Hipo Loose Leaf B5 Fancy Isi 25 Lembar', 'Trading', '2340', 'ukuran 25.8 x 18.2', 'Aktif', '0', '0', 'PAK', '2013-05-01 13:43:25', '2013-05-01 13:58:00', '2', '2', '2', '14'), ('75', 'HPO-LL-50-B5-FDC', 'Hipo Loose Leaf B5 Fancy Isi 50 Lembar', 'Trading', '4270', 'ukuran 25.8 x 18.2', 'Aktif', '0', '0', 'PAK', '2013-05-01 13:44:32', '2013-05-01 13:58:33', '2', '2', '2', '14'), ('76', 'HPO-SP-80-A4-HC', 'Hipo Spiral Book A4 Hard Cover Isi 80 Lembar', 'Trading', '13890', 'ukuran 29.7 x 21.0', 'Aktif', '0', '0', 'PCS', '2013-05-01 14:11:29', '2013-05-01 14:11:29', '2', '2', '2', '22'), ('77', 'HPO-SP-80-A4-PP', 'Hipo Spiral Book A4 PP Isi 80 Lembar', 'Trading', '11310', 'ukuran 29.7 x 21.0', 'Aktif', '0', '0', 'PCS', '2013-05-01 14:27:15', '2013-05-01 14:27:15', '2', '2', '2', '22'), ('78', 'HPO-SP-80-A5-HC', 'Hipo Spiral Book A5 Hard Cover Isi 80 Lembar', 'Trading', '7160', 'ukuran 21.0 x 14.8', 'Aktif', '0', '0', 'PCS', '2013-05-01 14:28:32', '2013-05-01 14:28:32', '2', '2', '2', '22'), ('79', 'HPO-SP-80-A5-PP', 'Hipo Spiral Book A5 PP Isi 80 Lembar', 'Trading', '6000', 'ukuran 21.0 x 14.8', 'Aktif', '0', '0', 'PCS', '2013-05-01 14:29:43', '2013-05-01 14:29:43', '2', '2', '2', '22'), ('80', 'HPO-SP-80-A6-HC', 'Hipo Spiral Book A6 Hard Cover Isi 80 Lembar', 'Trading', '3420', 'ukuran 15.0 x 10.5', 'Aktif', '0', '0', 'PCS', '2013-05-01 14:30:48', '2013-05-01 14:30:48', '2', '2', '2', '22'), ('81', 'HPO-SP-80-A6-PP', 'Hipo Spiral Book A6 PP Isi 80 Lembar', 'Trading', '2950', 'ukuran 15.0 x 10.5', 'Aktif', '0', '0', 'PCS', '2013-05-01 14:32:27', '2013-05-01 14:32:27', '2', '2', '2', '22'), ('82', 'HPO-SP-80-B5-HC', 'Hipo Spiral Book B5 Hard Cover Isi 80 Lembar', 'Trading', '9990', 'ukuran 25.3 x 17.9', 'Aktif', '0', '0', 'PCS', '2013-05-01 14:34:15', '2013-05-01 14:34:15', '2', '2', '2', '22'), ('83', 'HPO-SP-80-B5-PP', 'Hipo Spiral Book B5 PP Isi 80 Lembar', 'Trading', '9170', 'ukuran 25.3 x 17.9', 'Aktif', '0', '0', 'PCS', '2013-05-01 14:35:37', '2013-05-01 14:35:37', '2', '2', '2', '22'), ('84', 'HPO-SP-TB-80-A6-DP', 'Hipo Spiral Book TB A6 DP Isi 80 Lembar', 'Trading', '3030', 'ukuran 10.5 x 14.8', 'Aktif', '0', '0', 'PCS', '2013-05-01 14:38:37', '2013-05-01 14:38:37', '2', '2', '2', '22'), ('85', 'HPO-SP-TB-80-A7-DP', 'Hipo Spiral Book TB A7 DP Isi 80 Lembar', 'Trading', '1860', 'ukuran 7.65 x 12.3', 'Aktif', '0', '0', 'PCS', '2013-05-01 14:40:42', '2013-05-01 14:40:42', '2', '2', '2', '22'), ('86', 'HPO-SP-TB-80-A6-PP', 'Hipo Spiral Book TB A6 PP Isi 80 Lembar', 'Trading', '2520', 'ukuran 10.5 x 14.8', 'Aktif', '0', '0', 'PCS', '2013-05-01 14:42:00', '2013-05-01 14:42:00', '2', '2', '2', '22'), ('87', 'HPO-SP-TB-80-A7-PP', 'Hipo Spiral Book TB A7 PP Isi 80 Lembar', 'Trading', '1540', 'ukuran 7.65 x 12.3', 'Aktif', '0', '0', 'PCS', '2013-05-01 14:43:00', '2013-05-01 14:43:00', '2', '2', '2', '22'), ('88', 'SDU-FC-60-F4', 'Sinar Dunia Kertas HVS Fotocopy F4 60 GSM', 'Trading', '27630', 'ukuran 21.5 x 33.0', 'Aktif', '0', '500', 'RIM', '2013-05-01 14:56:06', '2013-05-01 15:13:24', '2', '2', '1', '1'), ('89', 'SDU-FC-70-F4', 'Sinar Dunia Kertas HVS Fotocopy F4 70 GSM', 'Trading', '30760', 'ukuran 21.5 x 33.0', 'Aktif', '0', '600', 'RIM', '2013-05-01 14:59:04', '2013-05-01 15:13:56', '2', '2', '1', '1'), ('90', 'SDU-FC-80-F4', 'Sinar Dunia Kertas HVS Fotocopy F4 80 GSM', 'Trading', '34480', 'ukuran 21.5 x 33.0', 'Aktif', '0', '550', 'RIM', '2013-05-01 15:03:52', '2013-05-01 15:14:21', '2', '2', '1', '1'), ('91', 'SDU-FC-70-A4', 'Sinar Dunia Kertas HVS Fotocopy A4 70 GSM', 'Trading', '27040', 'ukuran 21.0 x 29.7', 'Aktif', '0', '0', 'RIM', '2013-05-01 15:05:07', '2013-05-01 15:14:50', '2', '2', '1', '1'), ('92', 'SDU-FC-80-A4', 'Sinar Dunia Kertas HVS Fotocopy A4 80 GSM', 'Trading', '30310', 'ukuran 21.0 x 29.7', 'Aktif', '0', '0', 'RIM', '2013-05-01 15:06:00', '2013-05-01 15:15:21', '2', '2', '1', '1'), ('93', 'SDU-FC-70-A4S', 'Sinar Dunia Kertas HVS Fotocopy A4 Spesial 70 GSM', 'Trading', '27680', 'ukuran 21.5 x 29.7', 'Aktif', '0', '0', 'RIM', '2013-05-01 15:07:04', '2013-05-01 15:15:52', '2', '2', '1', '1'), ('94', 'SDU-FC-80-A4S', 'Sinar Dunia Kertas HVS Fotocopy A4 Spesial 80 GSM', 'Trading', '31030', 'ukuran 21.5 x 29.7', 'Aktif', '0', '0', 'RIM', '2013-05-01 15:08:09', '2013-05-01 15:16:22', '2', '2', '1', '1'), ('95', 'SDU-FC-70-Q', 'Sinar Dunia Kertas HVS Fotocopy Quarto 70 GSM', 'Trading', '26100', 'ukuran 21.5 x 28.0', 'Aktif', '0', '0', 'RIM', '2013-05-01 15:09:14', '2013-05-01 15:16:59', '2', '2', '1', '1'), ('96', 'SDU-FC-80-Q', 'Sinar Dunia Kertas HVS Fotocopy Quarto 80 GSM', 'Trading', '29250', 'ukuran 21.5 x 28.0', 'Aktif', '0', '0', 'RIM', '2013-05-01 15:10:17', '2013-05-01 15:17:31', '2', '2', '1', '1'), ('97', 'SDU-FC-70-QS', 'Sinar Dunia Kertas HVS Fotocopy Quarto Spesial 70 GSM', 'Trading', '26560', 'ukuran 21.5 x 28.5', 'Aktif', '0', '0', 'RIM', '2013-05-01 15:11:38', '2013-05-01 15:18:03', '2', '2', '1', '1'), ('98', 'SDU-FC-70-A3', 'Sinar Dunia Kertas HVS Fotocopy A3 70 GSM', 'Trading', '54080', 'ukuran 29.7 x 42.0', 'Aktif', '0', '0', 'RIM', '2013-05-01 15:12:35', '2013-05-01 15:18:37', '2', '2', '1', '1'), ('99', 'SDU-FC-80-A3', 'Sinar Dunia Kertas HVS Fotocopy A3 80 GSM', 'Trading', '60610', 'ukuran 29.7 x 42.0', 'Aktif', '0', '0', 'RIM', '2013-05-01 15:19:23', '2013-05-01 15:19:23', '2', '2', '1', '1'), ('100', 'PPL-EV-303', 'Paperline Envelope Kraft 303', 'Trading', '11500', 'ukuran 24.0 x 12.0', 'Aktif', '0', '0', 'PCS', '2013-05-01 15:24:44', '2013-05-02 10:51:01', '2', '2', '1', '13'), ('101', 'PPL-EV-304', 'Paperline Envelope Kraft 304', 'Trading', '16600', 'ukuran 27.0 x 13.9', 'Aktif', '0', '0', 'PCS', '2013-05-01 15:25:53', '2013-05-02 10:53:31', '2', '2', '1', '13'), ('102', 'PPL-EV-305', 'Paperline Envelope Kraft 305', 'Trading', '17900', 'ukuran 24.0 x 17.0', 'Aktif', '0', '0', 'PCS', '2013-05-01 15:27:30', '2013-05-02 10:57:11', '2', '2', '1', '13'), ('103', 'PPL-EV-308', 'Paperline Envelope Kraft 308', 'Trading', '22400', 'ukuran 27.5 x 19.5', 'Aktif', '0', '0', 'PCS', '2013-05-01 15:28:40', '2013-05-02 11:08:03', '2', '2', '1', '13'), ('104', 'PPL-EV-309', 'Paperline Envelope Kraft 309', 'Trading', '29400', 'ukuran 30.0 x 24.0', 'Aktif', '0', '0', 'PCS', '2013-05-01 15:29:33', '2013-05-01 15:47:56', '2', '2', '1', '13'), ('105', 'PPL-EV-310', 'Paperline Envelope Kraft 310', 'Trading', '30750', 'ukuran 25.0 x 35.0', 'Aktif', '0', '0', 'PCS', '2013-05-01 15:30:22', '2013-05-01 15:48:36', '2', '2', '1', '13'), ('106', 'PPL-EV-312', 'Paperline Envelope Kraft 312', 'Trading', '46100', 'ukuran 39.5 x 29.5', 'Aktif', '0', '0', 'PCS', '2013-05-01 15:31:50', '2013-05-01 15:49:40', '2', '2', '1', '13'), ('107', 'PPL-EV-314', 'Paperline Envelope Kraft 314', 'Trading', '56600', 'ukuran 43.0 x 33.0', 'Aktif', '0', '0', 'PCS', '2013-05-01 15:32:38', '2013-05-01 15:50:39', '2', '2', '1', '13'), ('108', 'MRG-EV-90-PB', 'Mirage Envelope 90 Pb', 'Trading', '8880', 'ukuran 11.0 x 23.0', 'Aktif', '0', '0', 'PCS', '2013-05-01 15:36:53', '2013-05-01 15:50:55', '2', '2', '1', '13'), ('109', 'MRG-EV-104-PB', 'Mirage Envelope 104 Pb', 'Trading', '4720', 'ukuran 8.9 x 15.2', 'Aktif', '0', '0', 'PCS', '2013-05-01 15:38:10', '2013-05-01 15:51:29', '2', '2', '1', '13'), ('110', 'MRG-EV-MINI-PB', 'Mirage Envelope Mini Pb', 'Trading', '2740', 'ukuran 7.0 x 11.0', 'Aktif', '0', '0', 'PCS', '2013-05-01 15:53:30', '2013-05-01 15:53:30', '2', '2', '1', '13'), ('111', 'MRG-EV-POCKET-PB', 'Mirage Enveloper Pocket Pb', 'Trading', '7790', 'ukuran 10.2 x 22.9', 'Aktif', '0', '0', 'PCS', '2013-05-01 15:54:42', '2013-05-01 15:54:42', '2', '2', '1', '13'), ('112', 'MRG-EV-90-PG', 'Mirage Envelope 90 Pg', 'Trading', '10090', 'ukuran 11.0 x 23.0', 'Aktif', '0', '0', 'PCS', '2013-05-01 16:01:31', '2013-05-01 16:01:31', '2', '2', '1', '13'), ('113', 'MRG-EV-104-PG', 'Mirage Envelope 104 Pg', 'Trading', '5900', 'ukuran 8.9 x 15.2', 'Aktif', '0', '0', 'PCS', '2013-05-01 16:02:51', '2013-05-01 16:02:51', '2', '2', '1', '13'), ('114', 'MRG-EV-MINI-PG', 'Mirage Envelope Mini Pg', 'Trading', '3450', 'ukuran 7.0 x 11.0', 'Aktif', '0', '0', 'PCS', '2013-05-01 16:03:42', '2013-05-01 16:03:42', '2', '2', '1', '13'), ('115', 'ERA-EV-90-PPS', 'E-paper Envelope 90 Pps', 'Trading', '9920', 'ukuran 11.0 x 23.0', 'Aktif', '0', '0', 'PCS', '2013-05-01 16:13:06', '2013-05-01 16:13:06', '2', '2', '1', '13'), ('116', 'ERA-EV-104-PPS', 'E-paper Envelope 104 Pps', 'Trading', '5840', 'ukuran 9.5 x 15.2', 'Aktif', '0', '0', 'PCS', '2013-05-01 16:14:45', '2013-05-01 16:14:45', '2', '2', '1', '13'), ('117', 'ERA-EV-110-PS', 'E-paper Envelope 110 Ps', 'Trading', '7590', 'ukuran 11.4 x 16.2', 'Aktif', '0', '0', 'PCS', '2013-05-01 16:15:32', '2013-05-01 16:15:32', '2', '2', '1', '13'), ('118', 'ERA-EV-303', 'E-paper Envelope Coklat 303', 'Trading', '10220', 'ukuran 12.0 x 23.5', 'Aktif', '0', '0', 'PCS', '2013-05-01 16:17:23', '2013-05-01 16:17:23', '2', '2', '1', '13'), ('119', 'ERA-EV-305', 'E-paper Envelope Coklat 305', 'Trading', '13950', 'ukuran 17.0 x 24.0', 'Aktif', '0', '0', 'PCS', '2013-05-01 16:18:34', '2013-05-01 16:18:34', '2', '2', '1', '13'), ('120', 'ERA-EV-308', 'E-paper Envelope Coklat 308', 'Trading', '16930', 'ukuran 19.5 x 27.5', 'Aktif', '0', '0', 'PCS', '2013-05-01 16:19:30', '2013-05-01 16:19:30', '2', '2', '1', '13'), ('121', 'ERA-EV-310', 'E-paper Envelope Coklat 310', 'Trading', '23150', 'ukuran 25.0 x 35.0', 'Aktif', '0', '0', 'PCS', '2013-05-01 16:20:31', '2013-05-01 16:23:03', '2', '2', '1', '13'), ('122', 'PPL-EV-90-PPS', 'Paperline Envelope 90 Polos', 'Trading', '10960', 'ukuran 11.0 x 23.0', 'Aktif', '0', '0', 'PCS', '2013-05-02 08:43:06', '2013-05-02 08:54:32', '2', '2', '1', '13'), ('123', 'PPL-EV-90-PPS-W', 'Paperline Envelope 90 Polos Windows', 'Trading', '17890', 'ukuran 11.0 x 23.0', 'Aktif', '0', '0', 'PCS', '2013-05-02 08:47:41', '2013-05-02 08:54:50', '2', '2', '1', '13'), ('124', 'PPL-EV-90-PPS-KE', 'Paperline Envelope 90 Polos Kemasan Ekonomi', 'Trading', '2740', 'ukuran 11.0 x 23.0', 'Aktif', '0', '0', 'PCS', '2013-05-02 08:48:59', '2013-05-02 08:55:07', '2', '2', '1', '13'), ('125', 'PPL-EV-104-PPS', 'Paperline Envelope 104 Polos', 'Trading', '7160', 'ukuran 9.5 x 15.2', 'Aktif', '0', '0', 'PCS', '2013-05-02 08:50:09', '2013-05-02 08:55:29', '2', '2', '1', '13'), ('126', 'PPL-EV-104-PPS-KE', 'Paperline Envelope 104 Polos Kemasan Ekonomi', 'Trading', '1790', 'ukuran 9.5 x 15.2', 'Aktif', '0', '0', 'PCS', '2013-05-02 08:51:30', '2013-05-02 08:55:47', '2', '2', '1', '13'), ('127', 'PPL-EV-110-PS', 'Paperline Envelope 110 Polos', 'Trading', '8970', 'ukuran 11.4 x 16.2', 'Aktif', '0', '0', 'PCS', '2013-05-02 08:52:27', '2013-05-02 08:56:06', '2', '2', '1', '13'), ('128', 'PPL-EV-90-APS', 'Paperline Envelope 90 Airmail', 'Trading', '11050', 'ukuran 11.0 x 23.0', 'Aktif', '0', '0', 'PCS', '2013-05-02 08:53:31', '2013-05-02 08:56:51', '2', '2', '1', '13'), ('129', 'PPL-EV-104-APS', 'Paperline Envelope 104 Airmail', 'Trading', '7410', 'ukuran 9.5 x 15.2', 'Aktif', '0', '0', 'PCS', '2013-05-02 08:57:41', '2013-05-02 08:57:41', '2', '2', '1', '13'), ('130', 'PPL-EV-110-APS', 'Paperline Envelope 110 Airmail', 'Trading', '8990', 'ukuran 11.4 x 16.2', 'Aktif', '0', '0', 'PCS', '2013-05-02 08:58:27', '2013-05-02 08:58:27', '2', '2', '1', '13'), ('131', 'PPL-85-EV-303-KE', 'Paperline Envelope Coklat 85 Gsm 303 Kemasan Ekonomi', 'Trading', '2260', 'ukuran 24.0 x 12.0', 'Aktif', '0', '0', 'PCS', '2013-05-02 09:02:33', '2013-05-02 09:25:40', '2', '2', '1', '13'), ('132', 'PPL-85-EV-304-KE', 'Paperline Envelope Coklat 85 Gsm 304 Kemasan Ekonomi', 'Trading', '2780', 'ukuran 27.0 x 13.9', 'Aktif', '0', '0', 'PCS', '2013-05-02 09:03:45', '2013-05-02 09:26:07', '2', '2', '1', '13'), ('133', 'PPL-85-EV-309-KE', 'Paperline Envelope Coklat 85 Gsm 309 Kemasan Ekonomi', 'Trading', '3810', 'ukuran 30.0 x 24.0', 'Aktif', '0', '0', 'PCS', '2013-05-02 09:04:48', '2013-05-02 09:26:25', '2', '2', '1', '13'), ('134', 'PPL-85-EV-312-KE', 'Paperline Envelope Coklat 85 Gsm 312 Kemasan Ekonomi', 'Trading', '5520', 'ukuran 39.5 x 29.5', 'Aktif', '0', '0', 'PCS', '2013-05-02 09:05:45', '2013-05-02 09:26:47', '2', '2', '1', '13'), ('135', 'PPL-85-EV-310-AM-KE', 'Paperline Envelope Coklat 85 Gsm 310 Airmail Kemasan Ekonomi', 'Trading', '5640', 'ukuran 35.0 x 25.0', 'Aktif', '0', '0', 'PCS', '2013-05-02 09:07:13', '2013-05-02 09:27:47', '2', '2', '1', '13'), ('136', 'PPL-85-EV-310-GUM-KE', 'Paperline Envelope Coklat 85 Gsm 310 Gum Kemasan Ekonomi', 'Trading', '4850', 'ukuran 35.0 x 25.0', 'Aktif', '0', '0', 'PCS', '2013-05-02 09:10:01', '2013-05-02 09:30:07', '2', '2', '1', '13'), ('137', 'PPL-120-EV-303-GUM-KE', 'Paperline Envelope Coklat 120 Gsm 303 Gum Kemasan Ekonomi', 'Trading', '3200', 'ukuran 24.0 x 12.0', 'Aktif', '0', '0', 'PCS', '2013-05-02 09:14:19', '2013-05-02 09:33:20', '2', '2', '1', '13'), ('138', 'PPL-120-EV-304-GUM-KE', 'Paperline Envelope Coklat 120 Gsm 304 Gum Kemasan Ekonomi', 'Trading', '3950', 'ukuran 27.0 x 13.9', 'Aktif', '0', '0', 'PCS', '2013-05-02 09:15:24', '2013-05-02 09:45:30', '2', '2', '1', '13'), ('139', 'PPL-120-EV-305-GUM-KE', 'Paperline Envelope Coklat 120 Gsm 305 Gum Kemasan Ekonomi', 'Trading', '4150', 'ukuran 24.0 x 17.0', 'Aktif', '0', '0', 'PCS', '2013-05-02 09:17:31', '2013-05-02 09:46:06', '2', '2', '1', '13'), ('140', 'PPL-120-EV-308-GUM-KE', 'Paperline Envelope Coklat 120 Gsm 308 Gum Kemasan Ekonomi', 'Trading', '4300', 'ukuran 27.5 x 19.5', 'Aktif', '0', '0', 'PCS', '2013-05-02 09:18:29', '2013-05-02 09:46:29', '2', '2', '1', '13'), ('141', 'PPL-120-EV-309-GUM-KE', 'Paperline Envelope Coklat 120 Gsm 309 Gum Kemasan Ekonomi', 'Trading', '5350', 'ukuran 30.0 x 24.0', 'Aktif', '0', '0', 'PCS', '2013-05-02 09:20:39', '2013-05-02 09:46:53', '2', '2', '1', '13'), ('142', 'PPL-120-EV-310-GUM-KE', 'Paperline Envelope Coklat 120 Gsm 310 Gum Kemasan Ekonomi', 'Trading', '6100', 'ukuran 35.0 x 25.0', 'Aktif', '0', '0', 'PCS', '2013-05-02 09:23:28', '2013-05-02 09:47:30', '2', '2', '1', '13'), ('143', 'PPL-120-EV-312-GUM-KE', 'Paperline Envelope Coklat 120 Gsm 312 Gum Kemasan Ekonomi', 'Trading', '7800', 'ukuran 39.5 x 29.5', 'Aktif', '0', '0', 'PCS', '2013-05-02 09:49:13', '2013-05-02 09:49:13', '2', '2', '1', '13'), ('144', 'PPL-120-EV-310-AM-GUM-KE', 'Paperline Envelope Coklat 120 Gsm 310 Airmail Gum Kemasan Ekonomi', 'Trading', '7100', 'ukuran 35.0 x 25.0', 'Aktif', '0', '0', 'PCS', '2013-05-02 09:50:39', '2013-05-02 09:50:39', '2', '2', '1', '13'), ('145', 'PPL-120-EV-308-TALI-KE', 'Paperline Envelope Coklat 120 Gsm 308 Tali Kemasan Ekonomi', 'Trading', '8500', 'ukuran 27.5 x 19.5', 'Aktif', '0', '0', 'PCS', '2013-05-02 09:51:58', '2013-05-02 09:51:58', '2', '2', '1', '13'), ('146', 'PPL-120-EV-309-TALI-KE', 'Paperline Envelope Coklat 120 Gsm 309 Tali Kemasan Ekonomi', 'Trading', '9800', 'ukuran 30.0 x 24.0', 'Aktif', '0', '0', 'PCS', '2013-05-02 09:53:44', '2013-05-02 09:53:44', '2', '2', '1', '13'), ('147', 'PPL-120-EV-310-TALI-KE', 'Paperline Envelope Coklat 120 Gsm 310 Tali Kemasan Ekonomi', 'Trading', '10850', 'ukuran 35.0 x 25.0', 'Aktif', '0', '0', 'PCS', '2013-05-02 09:55:02', '2013-05-02 09:55:02', '2', '2', '1', '13'), ('148', 'PPL-120-EV-312-TALI-KE', 'Paperline Envelope Coklat 120 Gsm 312 Tali Kemasan Ekonomi', 'Trading', '12800', 'ukuran 39.5 x 29.5', 'Aktif', '0', '0', 'PCS', '2013-05-02 09:56:23', '2013-05-02 09:56:23', '2', '2', '1', '13'), ('149', 'PPL-120-EV-308-AM-TALI-KE', 'Paperline Envelope Coklat 120 Gsm 308 Airmail Tali Kemasan Ekonomi', 'Trading', '9550', 'ukuran 27.5 x 19.5', 'Aktif', '0', '0', 'PCS', '2013-05-02 09:57:51', '2013-05-02 09:57:51', '2', '2', '1', '13'), ('150', 'PPL-120-EV-309-AM-TALI-KE', 'Paperline Envelope Coklat 120 Gsm 309 Airmail Tali Kemasan Ekonomi', 'Trading', '10900', 'ukuran 30.0 x 24.0', 'Aktif', '0', '0', 'PCS', '2013-05-02 09:59:22', '2013-05-02 09:59:22', '2', '2', '1', '13'), ('151', 'PPL-120-EV-310-AM-TALI-KE', 'Paperline Envelope Coklat 120 Gsm 310 Airmail Tali Kemasan Ekonomi', 'Trading', '12000', 'ukuran 35.0 x 25.0', 'Aktif', '0', '0', 'PCS', '2013-05-02 10:01:39', '2013-05-02 10:01:39', '2', '2', '1', '13'), ('152', 'PPL-120-EV-312-AM-TALI-KE', 'Paperline Envelope Coklat 120 Gsm 312 Airmail Tali Kemasan Ekonomi', 'Trading', '13900', 'ukuran 39.5 x 29.5', 'Aktif', '0', '0', 'PCS', '2013-05-02 10:05:59', '2013-05-02 10:05:59', '2', '2', '1', '13'), ('153', 'MRG-HC-50-F', 'Mirage Hard Cover Folio Isi 50 Lembar', 'Trading', '5750', 'ukuran 31.0 x 21.0', 'Aktif', '0', '0', 'PCS', '2013-05-02 10:19:09', '2013-05-02 10:19:09', '2', '2', '1', '21'), ('154', 'MRG-HC-100-Q', 'Mirage Hard Cover Quarto Isi 100 Lembar', 'Trading', '4840', 'ukuran 21.0 x 16.0', 'Aktif', '0', '0', 'PCS', '2013-05-02 10:20:22', '2013-05-02 10:21:30', '2', '2', '1', '21'), ('155', 'MRG-HC-100-F', 'Mirage Hard Cover Folio Isi 100 Lembar', 'Trading', '9370', 'ukuran 31.0 x 21.0', 'Aktif', '0', '0', 'PCS', '2013-05-02 10:22:31', '2013-05-02 10:22:31', '2', '2', '1', '21'), ('156', 'MRG-HC-100-E', 'Mirage Hard Cover Ekspedisi Isi 100 Lembar', 'Trading', '4690', 'ukuran 31.0 x 10.5', 'Aktif', '0', '0', 'PCS', '2013-05-02 10:23:35', '2013-05-02 10:23:35', '2', '2', '1', '21'), ('157', 'MRG-HC-100-A6', 'Mirage Hard Cover A6 Isi 100 Lembar', 'Trading', '2270', 'ukuran 15.0 x 10.5', 'Aktif', '0', '0', 'PCS', '2013-05-02 10:25:09', '2013-05-02 10:25:09', '2', '2', '1', '21'), ('158', 'MRG-HC-200-Q', 'Mirage Hard Cover Quarto Isi 200 Lembar', 'Trading', '8570', 'ukuran 21.0 x 16.0', 'Aktif', '0', '0', 'PCS', '2013-05-02 10:26:20', '2013-05-02 10:26:20', '2', '2', '1', '21'), ('159', 'MRG-HC-200-F', 'Mirage Hard Cover Folio Isi 200 Lembar', 'Trading', '16600', 'ukuran 31.0 x 21.0', 'Aktif', '0', '0', 'PCS', '2013-05-02 10:27:35', '2013-05-02 10:27:35', '2', '2', '1', '21'), ('160', 'MRG-HC-300-Q', 'Mirage Hard Cover Quarto Isi 300 Lembar', 'Trading', '12560', 'ukuran 21.0 x 16.0', 'Aktif', '0', '0', 'PCS', '2013-05-02 10:28:48', '2013-05-02 10:28:48', '2', '2', '1', '21'), ('161', 'MRG-HC-300-F', 'Mirage Hard Cover Folio Isi 300 Lembar', 'Trading', '24340', 'ukuran 31.0 x 21.0', 'Aktif', '0', '0', 'PCS', '2013-05-02 10:35:27', '2013-05-02 10:35:27', '2', '2', '1', '21'), ('162', 'MRG-DB-8-K-SUPER', 'Mirage Buku Gambar Kecil Super Isi 8 Lembar', 'Trading', '720', 'ukuran 18.0 x 26.0', 'Aktif', '0', '0', 'PCS', '2013-05-03 15:02:47', '2013-05-03 15:02:47', '2', '2', '2', '4'), ('163', 'MRG-DB-8-B-SUPER', 'Mirage Buku Gambar Besar Super Isi 8 Lembar', 'Trading', '2160', 'ukuran 27.0 x 37.0', 'Aktif', '0', '0', 'PCS', '2013-05-03 15:03:56', '2013-05-03 15:03:56', '2', '2', '2', '4'), ('164', 'MRG-DB-8-A4-BC', 'Mirage Buku Gambar A4 Bc Isi 8 Lembar', 'Trading', '1220', 'ukuran 20.0 x 30.0', 'Aktif', '0', '0', 'PCS', '2013-05-03 15:07:10', '2013-05-03 15:07:10', '2', '2', '2', '4'), ('165', 'MRG-DB-8-A4-SUPER', 'Mirage Buku Gambar A4 Super Isi 8 Lembar', 'Trading', '1300', 'ukuran 20.0 x 30.0', 'Aktif', '0', '0', 'PCS', '2013-05-03 15:08:11', '2013-05-03 15:08:11', '2', '2', '2', '4'), ('166', 'MRG-DB-8-A3-SUPER', 'Mirage Buku Gambar A3 Super Isi 8 Lembar', 'Trading', '2760', 'ukuran 30.0 x 42.5', 'Aktif', '0', '0', 'PCS', '2013-05-03 15:10:02', '2013-05-03 15:10:02', '2', '2', '2', '4'), ('167', 'SDU-DB-10-K', 'Sinar Dunia Buku Gambar Kecil Isi 10 Lembar', 'Trading', '1440', 'ukuran 18.0 x 26.0', 'Aktif', '0', '0', 'PCS', '2013-05-03 15:11:26', '2013-05-03 15:11:26', '2', '2', '2', '4'), ('168', 'SDU-DB-10-B', 'Sinar Dunia Buku Gambar Besar Isi 10 Lembar', 'Trading', '3070', 'ukuran 27.0 x 37.0', 'Aktif', '0', '0', 'PCS', '2013-05-03 15:12:22', '2013-05-03 15:12:22', '2', '2', '2', '4'), ('169', 'SDU-DB-10-A3', 'Sinar Dunia Buku Gambar A3 Isi 10 Lembar', 'Trading', '3930', 'ukuran 30.0 x 42.5', 'Aktif', '0', '0', 'PCS', '2013-05-03 15:13:53', '2013-05-03 15:13:53', '2', '2', '2', '4'), ('170', 'SDU-DB-10-A4', 'Sinar Dunia Buku Gambar A4 Isi 10 Lembar', 'Trading', '1840', 'ukuran 20.0 x 30.0', 'Aktif', '0', '0', 'PCS', '2013-05-03 15:14:39', '2013-05-03 15:14:39', '2', '2', '2', '4'), ('171', 'DLT-GW-K', 'Delta Kertas Kado Kecil', 'Trading', '205', 'ukuran 49.0 x 64.0', 'Aktif', '0', '0', 'PCS', '2013-05-03 15:17:50', '2013-05-03 15:17:50', '2', '2', '2', '20'), ('172', 'SDU-GW-K', 'Sinar Dunia Kertas Kado Kecil', 'Trading', '395', 'ukuran 49.0 x 64.0', 'Aktif', '0', '0', 'PCS', '2013-05-03 15:20:30', '2013-05-03 15:20:30', '2', '2', '2', '20'), ('173', 'SDU-GW-K-BATIK', 'Sinar Dunia Kertas Kado Kecil Batik', 'Trading', '400', 'ukuran 49.0 x 64.0', 'Aktif', '0', '0', 'PCS', '2013-05-03 15:22:09', '2013-05-03 15:22:09', '2', '2', '2', '20'), ('174', 'SDU-GW-K-ROLL', 'Sinar Dunia Kertas Kado Kecil Roll', 'Trading', '605', 'ukuran 49.0 x 64.0', 'Aktif', '0', '0', 'PCS', '2013-05-03 15:23:41', '2013-05-03 15:23:41', '2', '2', '2', '20'), ('175', 'SDU-GW-K-ROLL-BATIK', 'Sinar Dunia Kertas Kado Kecil Roll Batik', 'Trading', '680', 'ukuran 49.0 x 64.0', 'Aktif', '0', '0', 'PCS', '2013-05-03 15:26:26', '2013-05-03 15:26:26', '2', '2', '2', '20'), ('176', 'SDU-GW-P', 'Sinar Dunia Kertas Kado Polos', 'Trading', '460', 'ukuran 49.0 x 64.0', 'Aktif', '0', '0', 'PCS', '2013-05-03 15:30:07', '2013-05-03 15:30:07', '2', '2', '2', '20'), ('177', 'SDU-KS-25-K', 'Sinar Dunia Kertas Origami Kecil Isi 25 Lembar', 'Trading', '580', 'ukuran 12.0 x 12.0', 'Aktif', '0', '0', 'PAK', '2013-05-03 15:36:02', '2013-05-03 15:46:08', '2', '2', '2', '23'), ('178', 'SDU-KS-25-T', 'Sinar Dunia Kertas Origami Tanggung Isi 25 Lembar', 'Trading', '770', 'ukuran 14.0 x 14.0', 'Aktif', '0', '0', 'PAK', '2013-05-03 15:37:15', '2013-05-03 15:46:20', '2', '2', '2', '23'), ('179', 'SDU-KS-25-B', 'Sinar Dunia Kertas Origami Besar Isi 25 Lembar', 'Trading', '1030', 'ukuran 16.0 x 16.0', 'Aktif', '0', '0', 'PAK', '2013-05-03 15:40:14', '2013-05-03 15:46:30', '2', '2', '2', '23'), ('180', 'SDU-KS-50-MAXI', 'Sinar Dunia Kertas Origami Maxi Isi 50 Lembar', 'Trading', '3070', 'ukuran 20.0 x 20.0', 'Aktif', '0', '0', 'PAK', '2013-05-03 15:43:03', '2013-05-03 15:46:40', '2', '2', '2', '23'), ('181', 'SDU-KS-50-B-MOTIF', 'Sinar Dunia Kertas Origami Besar Motif Isi 50 Lembar', 'Trading', '2870', 'ukuran 16.0 x 16.0', 'Aktif', '0', '0', 'PAK', '2013-05-03 15:44:14', '2013-05-03 15:46:52', '2', '2', '2', '23'), ('182', 'SDU-KS-100-K', 'Sinar Dunia Kertas Origami Kecil Isi 100 Lembar', 'Trading', '2190', 'ukuran 12.0 x 12.0', 'Aktif', '0', '0', 'PAK', '2013-05-03 15:47:55', '2013-05-03 15:47:55', '2', '2', '2', '23'), ('183', 'SDU-KS-100-T', 'Sinar Dunia Kertas Origami Tanggung Isi 100 Lembar', 'Trading', '2720', 'ukuran 14.0 x 14.0', 'Aktif', '0', '0', 'PAK', '2013-05-03 15:49:06', '2013-05-03 15:49:06', '2', '2', '2', '23'), ('184', 'SDU-KS-100-B', 'Sinar Dunia Kertas Origami Besar Isi 100 Lembar', 'Trading', '3600', 'ukuran 16.0 x 16.0', 'Aktif', '0', '0', 'PAK', '2013-05-03 15:49:54', '2013-05-03 15:49:54', '2', '2', '2', '23'), ('185', 'SDU-KS-25-K-HVS', 'Sinar Dunia Kertas Origami HVS Kecil Isi 25 Lembar', 'Trading', '1050', 'ukuran 12.0 x 12.0', 'Aktif', '0', '0', 'PAK', '2013-05-03 15:51:43', '2013-05-03 15:51:43', '2', '2', '2', '23'), ('186', 'SDU-KS-25-B-HVS', 'Sinar Dunia Kertas Origami HVS Besar Isi 25 Lembar', 'Trading', '1530', 'ukuran 16.0 x 16.0', 'Aktif', '0', '0', 'PAK', '2013-05-03 15:53:44', '2013-05-03 15:53:44', '2', '2', '2', '23'), ('187', 'SDU-KS-50-K-HVS', 'Sinar Dunia Kertas Origami HVS Kecil Isi 50 Lembar', 'Trading', '1660', 'ukuran 12.0 x 12.0', 'Aktif', '0', '0', 'PAK', '2013-05-03 15:54:26', '2013-05-03 15:54:26', '2', '2', '2', '23'), ('188', 'SDU-KS-50-B-HVS', 'Sinar Dunia Kertas Origami HVS Besar Isi 50 Lembar', 'Trading', '2630', 'ukuran 16.0 x 16.0', 'Aktif', '0', '0', 'PAK', '2013-05-03 15:55:22', '2013-05-03 15:55:22', '2', '2', '2', '23'), ('189', 'SDU-KS-100-T-HVS', 'Sinar Dunia Kertas Origami HVS Tanggung Isi 100 Lembar', 'Trading', '2500', 'ukuran 14.0 x 14.0', 'Aktif', '0', '0', 'PAK', '2013-05-03 15:56:13', '2013-05-03 15:56:13', '2', '2', '2', '23'), ('190', 'PPL-LL-50-B5', 'Paperline Loose Leaf B5 Isi 50 Lembar', 'Trading', '2800', 'ukuran 25.7 x 18.2', 'Aktif', '0', '0', 'PAK', '2013-05-03 16:04:18', '2013-05-03 16:04:18', '2', '2', '2', '14'), ('191', 'PPL-LL-100-B5', 'Paperline Loose Leaf B5 Isi 100 Lembar', 'Trading', '5290', 'ukuran 25.7 x 18.2', 'Aktif', '0', '0', 'PAK', '2013-05-03 16:07:56', '2013-05-03 16:07:56', '2', '2', '2', '14'), ('192', 'PPL-LL-50-A5', 'Paperline Loose Leaf A5 Isi 50 Lembar', 'Trading', '1920', 'ukuran 21.0 x 15.0', 'Aktif', '0', '0', 'PAK', '2013-05-03 16:08:53', '2013-05-03 16:08:53', '2', '2', '2', '14'), ('193', 'PPL-LL-100-A5', 'Paperline Loose Leaf A5 Isi 100 Lembar', 'Trading', '3610', 'ukuran 21.0 x 15.0', 'Aktif', '0', '0', 'PAK', '2013-05-03 16:09:33', '2013-05-03 16:09:33', '2', '2', '2', '14'), ('194', 'PPL-LL-50-A5-P', 'Paperline Loose Leaf A5 Polos Isi 50 Lembar', 'Trading', '1840', 'ukuran 21.0 x 15.0', 'Aktif', '0', '0', 'PAK', '2013-05-03 16:12:22', '2013-05-03 16:12:22', '2', '2', '2', '14'), ('195', 'PPL-LL-100-A5-P', 'Paperline Loose Leaf A5 Polos Isi 100 Lembar', 'Trading', '3460', 'ukuran 21.0 x 15.0', 'Aktif', '0', '0', 'PAK', '2013-05-03 16:13:10', '2013-05-03 16:13:10', '2', '2', '2', '14'), ('196', 'PPL-LL-50-B5-P', 'Paperline Loose Leaf B5 Polos Isi 50 Lembar', 'Trading', '2680', 'ukuran 25.8 x 18.2', 'Aktif', '0', '0', 'PAK', '2013-05-03 16:13:55', '2013-05-03 16:13:55', '2', '2', '2', '14'), ('197', 'PPL-LL-100-B5-P', 'Paperline Loose Leaf B5 Polos Isi 100 Lembar', 'Trading', '5070', 'ukuran 25.8 x 18.2', 'Aktif', '0', '0', 'PAK', '2013-05-03 16:14:38', '2013-05-03 16:14:38', '2', '2', '2', '14'), ('198', 'PPL-LL-50-A5-Y', 'Paperline Loose Leaf A5 Yellow Isi 50 Lembar', 'Trading', '3640', 'ukuran 15.0 x 21.0', 'Aktif', '0', '0', 'PAK', '2013-05-03 16:17:08', '2013-05-03 16:17:08', '2', '2', '2', '14'), ('199', 'PPL-LL-50-A5-G', 'Paperline Loose Leaf A5 Green Isi 50 Lembar', 'Trading', '3640', 'ukuran 15.0 x 21.0', 'Aktif', '0', '0', 'PAK', '2013-05-03 16:17:47', '2013-05-03 16:17:47', '2', '2', '2', '14'), ('200', 'PPL-LL-50-A5-PI', 'Paperline Loose Leaf A5 Pink Isi 50 Lembar', 'Trading', '3640', 'ukuran 15.0 x 21.0', 'Aktif', '0', '0', 'PAK', '2013-05-03 16:18:51', '2013-05-03 16:18:51', '2', '2', '2', '14'), ('201', 'PPL-LL-50-A5-B', 'Paperline Loose Leaf A5 Blue Isi 50 Lembar', 'Trading', '3640', 'ukuran 15.0 x 21.0', 'Aktif', '0', '0', 'PAK', '2013-05-03 16:19:44', '2013-05-03 16:19:44', '2', '2', '2', '14'), ('202', 'PPL-LL-50-A5-RAINBOW', 'Paperline Loose Leaf A5 Rainbow Isi 50 Lembar', 'Trading', '4250', 'ukuran 15.0 x 21.0', 'Aktif', '0', '0', 'PAK', '2013-05-03 16:20:53', '2013-05-03 16:20:53', '2', '2', '2', '14'), ('203', 'PPL-LL-100-A5-Y', 'Paperline Loose Leaf A5 Yellow Isi 100 Lembar', 'Trading', '6670', 'ukuran 15.0 x 21.0', 'Aktif', '0', '0', 'PAK', '2013-05-03 16:22:06', '2013-05-03 16:22:06', '2', '2', '2', '14'), ('204', 'PPL-LL-100-A5-G', 'Paperline Loose Leaf A5 Green Isi 100 Lembar', 'Trading', '6670', 'ukuran 15.0 x 21.0', 'Aktif', '0', '0', 'PAK', '2013-05-03 16:22:47', '2013-05-03 16:22:47', '2', '2', '2', '14'), ('205', 'PPL-LL-100-A5-PI', 'Paperline Loose Leaf A5 Pink Isi 100 Lembar', 'Trading', '6670', 'ukuran 15.0 x 21.0', 'Aktif', '0', '0', 'PAK', '2013-05-03 16:23:23', '2013-05-03 16:23:23', '2', '2', '2', '14'), ('206', 'PPL-LL-100-A5-B', 'Paperline Loose Leaf A5 Blue Isi 100 Lembar', 'Trading', '6670', 'ukuran 15.0 x 21.0', 'Aktif', '0', '0', 'PAK', '2013-05-03 16:24:01', '2013-05-03 16:24:01', '2', '2', '2', '14'), ('207', 'PPL-LL-100-A5-RAINBOW', 'Paperline Loose Leaf A5 Rainbow Isi 100 Lembar', 'Trading', '7280', 'ukuran 15.0 x 21.0', 'Aktif', '0', '0', 'PAK', '2013-05-03 16:24:52', '2013-05-03 16:24:52', '2', '2', '2', '14'), ('208', 'PPL-LL-50-B5-Y', 'Paperline Loose Leaf B5 Yellow Isi 50 Lembar', 'Trading', '6070', 'ukuran 18.0 X 26.0', 'Aktif', '0', '0', 'PAK', '2013-05-03 16:25:45', '2013-05-03 16:25:45', '2', '2', '2', '14'), ('209', 'PPL-LL-50-B5-G', 'Paperline Loose Leaf B5 Green Isi 50 Lembar', 'Trading', '6070', 'ukuran 18.0 x 26.0', 'Aktif', '0', '0', 'PAK', '2013-05-03 16:26:25', '2013-05-03 16:26:25', '2', '2', '2', '14'), ('210', 'PPL-LL-50-B5-PI', 'Paperline Loose Leaf B5 Pink Isi 50 Lembar', 'Trading', '6070', 'ukuran 18.0 x 26.0', 'Aktif', '0', '0', 'PAK', '2013-05-03 16:27:02', '2013-05-03 16:27:02', '2', '2', '2', '14'), ('211', 'PPL-LL-50-B5-B', 'Paperline Loose Leaf B5 Blue Isi 50 Lembar', 'Trading', '6070', 'ukuran 18.0 x 26.0', 'Aktif', '0', '0', 'PAK', '2013-05-03 16:27:37', '2013-05-03 16:28:12', '2', '2', '2', '14'), ('212', 'PPL-LL-50-B5-RAINBOW', 'Paperline Loose Leaf B5 Rainbow Isi 50 Lembar', 'Trading', '6670', 'ukuran 18.0 x 26.0', 'Aktif', '0', '0', 'PAK', '2013-05-03 16:29:07', '2013-05-03 16:29:07', '2', '2', '2', '14'), ('213', 'PPL-LL-100-B5-Y', 'Paperline Loose Leaf B5 Yellow Isi 100 Lembar', 'Trading', '8490', 'ukuran 18.0 X 26.0', 'Aktif', '0', '0', 'PAK', '2013-05-03 16:29:56', '2013-05-03 16:29:56', '2', '2', '2', '14'), ('214', 'PPL-LL-100-B5-G', 'Paperline Loose Leaf B5 Green Isi 100 Lembar', 'Trading', '8490', 'ukuran 18.0 x 26.0', 'Aktif', '0', '0', 'PAK', '2013-05-03 16:30:43', '2013-05-03 16:30:43', '2', '2', '2', '14'), ('215', 'PPL-LL-100-B5-PI', 'Paperline Loose Leaf B5 Pink Isi 100 Lembar', 'Trading', '8490', 'ukuran 18.0 x 26.0', 'Aktif', '0', '0', 'PAK', '2013-05-03 16:31:25', '2013-05-03 16:31:25', '2', '2', '2', '14'), ('216', 'PPL-LL-100-B5-B', 'Paperline Loose Leaf B5 Blue Isi 100 Lembar', 'Trading', '8490', 'ukuran 18.0 x 26.0', 'Aktif', '0', '0', 'PAK', '2013-05-03 16:31:58', '2013-05-03 16:31:58', '2', '2', '2', '14'), ('217', 'PPL-LL-100-B5-RAINBOW', 'Paperline Loose Leaf B5 Rainbow Isi 100 Lembar', 'Trading', '9100', 'ukuran 18.0 x 26.0', 'Aktif', '0', '0', 'PAK', '2013-05-03 16:32:39', '2013-05-03 16:32:39', '2', '2', '2', '14'), ('218', 'PPL-PF-20-A5', 'Paperline Flip Over Pad A5 Isi 20 Lembar', 'Trading', '1070', 'ukuran 14.8 x 21.0', 'Aktif', '0', '0', 'PCS', '2013-05-06 08:30:31', '2013-05-06 08:30:31', '2', '2', '2', '25'), ('219', 'PPL-PF-20-A6', 'Paperline Flip Over Pad A6 Isi 20 Lembar', 'Trading', '540', 'ukuran 10.5 x 14.8', 'Aktif', '0', '0', 'PCS', '2013-05-06 08:31:56', '2013-05-06 08:31:56', '2', '2', '2', '25'), ('220', 'PPL-PF-A4', 'Paperline Flip Over Pad A4', 'Trading', '3860', 'ukuran 21.0 x 29.7', 'Aktif', '0', '0', 'PCS', '2013-05-06 08:34:06', '2013-05-06 08:34:06', '2', '2', '2', '25'), ('221', 'PPL-PF-A5', 'Paperline Flip Over Pad A5', 'Trading', '1970', 'ukuran 14.8 x 21.0', 'Aktif', '0', '0', 'PCS', '2013-05-06 08:35:50', '2013-05-06 08:35:50', '2', '2', '2', '25'), ('222', 'PPL-PF-80-A4-F', 'Paperline Flip Over Pad A4 Folio Isi 80 Lembar', 'Trading', '5870', 'ukuran 21.0 x 29.5', 'Aktif', '0', '0', 'PCS', '2013-05-06 08:37:12', '2013-05-06 08:37:12', '2', '2', '2', '25'), ('223', 'PPL-PF-80-A5-F', 'Paperline Flip Over Pad A5 Folio Isi 80 Lembar', 'Trading', '2940', 'ukuran 14.8 x 21.0', 'Aktif', '0', '0', 'PCS', '2013-05-06 08:39:15', '2013-05-06 08:39:15', '2', '2', '2', '25'), ('224', 'PPL-LL-ASSORTED-B5-LOCK', 'Paperline Loose &amp; Lock B5 Assorted', 'Trading', '15890', 'ukuran 25.7 x 18.2', 'Aktif', '0', '0', 'PCS', '2013-05-06 08:41:31', '2013-05-06 08:41:31', '2', '2', '2', '24'), ('225', 'PPL-LL-PINK-B5-LOCK', 'Paperline Loose &amp; Lock B5 Pink', 'Trading', '15380', 'ukuran 25.7 x 18.2', 'Aktif', '0', '0', 'PCS', '2013-05-06 08:47:29', '2013-05-06 08:47:29', '2', '2', '2', '24'), ('226', 'PPL-LL-YELLOW-B5-LOCK', 'Paperline Loose &amp; Lock B5 Yellow', 'Trading', '15380', 'ukuran 25.7 x 18.2', 'Aktif', '0', '0', 'PCS', '2013-05-06 08:48:34', '2013-05-06 08:48:34', '2', '2', '2', '24'), ('227', 'PPL-LL-BLUE-B5-LOCK', 'Paperline Loose &amp; Lock B5 Blue', 'Trading', '15380', 'ukuran 25.7 x 18.2', 'Aktif', '0', '0', 'PCS', '2013-05-06 08:52:49', '2013-05-06 08:52:49', '2', '2', '2', '24'), ('228', 'PPL-LL-GREEN-B5-LOCK', 'Paperline Loose &amp; Lock B5 Green', 'Trading', '15380', 'ukuran 25.7 x 18.2', 'Aktif', '0', '0', 'PCS', '2013-05-06 08:57:41', '2013-05-06 08:57:41', '2', '2', '2', '24'), ('229', 'PPL-LL-ASSORTED-A5-LOCK', 'Paperline Loose &amp; Lock A5 Assorted', 'Trading', '13570', 'ukuran 21.0 x 15.0', 'Aktif', '0', '0', 'PCS', '2013-05-06 08:58:46', '2013-05-06 08:58:46', '2', '2', '2', '24'), ('230', 'PPL-LL-PINK-A5-LOCK', 'Paperline Loose &amp; Lock A5 Pink', 'Trading', '13080', 'ukuran 21.0 x 15.0', 'Aktif', '0', '0', 'PCS', '2013-05-06 09:00:34', '2013-05-06 09:00:34', '2', '2', '2', '24'), ('231', 'PPL-LL-YELLOW-A5-LOCK', 'Paperline Loose &amp; Lock A5 Yellow', 'Trading', '13080', 'ukuran 21.0 x 15.0', 'Aktif', '0', '0', 'PCS', '2013-05-06 09:04:17', '2013-05-06 09:04:17', '2', '2', '2', '24'), ('232', 'PPL-LL-BLUE-A5-LOCK', 'Paperline Loose &amp; Lock A5 Blue', 'Trading', '13080', 'ukuran 21.0 x 15.0', 'Aktif', '0', '0', 'PCS', '2013-05-06 09:05:00', '2013-05-06 09:05:00', '2', '2', '2', '24'), ('233', 'PPL-LL-GREEN-A5-LOCK', 'Paperline Loose &amp; Lock A5 Green', 'Trading', '13080', 'ukuran 21.0 x 15.0', 'Aktif', '0', '0', 'PCS', '2013-05-06 09:05:47', '2013-05-06 09:05:47', '2', '2', '2', '24'), ('234', 'PPL-LL-WHITE-B5-LOCK', 'Paperline Loose &amp; Lock B5 White', 'Trading', '13040', 'ukuran 25.7 x 18.2', 'Aktif', '0', '0', 'PCS', '2013-05-06 09:06:37', '2013-05-06 09:06:37', '2', '2', '2', '24'), ('235', 'PPL-LL-WHITE-A5-LOCK', 'Paperline Loose &amp; Lock A5 White', 'Trading', '11370', 'ukuran 21.0 x 15.0', 'Aktif', '0', '0', 'PCS', '2013-05-06 09:07:51', '2013-05-06 09:07:51', '2', '2', '2', '24'), ('236', 'SDU-CF-K1', 'Sinar Dunia CF Kecil 1 PLY', 'Trading', '121000', 'ukuran 9.5&quot; x 11.0&quot;\r\n(Isi 2000 SET)', 'Aktif', '0', '0', 'BOX', '2013-05-06 09:15:21', '2013-05-06 09:19:53', '2', '2', '1', '2'), ('237', 'SDU-CF-K2-P', 'Sinar Dunia CF Kecil NCR 2 PLY Putih', 'Trading', '174400', 'ukuran 9.5&quot; x 11.0&quot; \r\n(Isi 1000 SET)', 'Aktif', '0', '0', 'BOX', '2013-05-06 09:19:26', '2013-05-06 09:21:45', '2', '2', '1', '2'), ('238', 'SDU-CF-K2-W', 'Sinar Dunia CF Kecil NCR 2 PLY Warna', 'Trading', '174400', 'ukuran 9.5&quot; x 11.0&quot;\r\n(Isi 1000 SET)', 'Aktif', '0', '0', 'BOX', '2013-05-06 09:21:26', '2013-05-06 09:23:12', '2', '2', '1', '2'), ('239', 'SDU-CF-K3-P', 'Sinar Dunia CF Kecil NCR 3 PLY Putih', 'Trading', '269100', 'ukuran 9.5&quot; x 11.0&quot;\r\n(Isi 1000 SET)', 'Aktif', '0', '0', 'BOX', '2013-05-06 09:25:18', '2013-05-06 09:25:18', '2', '2', '1', '2'), ('240', 'SDU-CF-K3-W', 'Sinar Dunia CF Kecil NCR 3 PLY Warna', 'Trading', '269100', 'ukuran 9.5&quot; x 11.0&quot;', 'Aktif', '0', '0', 'BOX', '2013-05-06 09:30:59', '2013-05-06 09:30:59', '2', '2', '1', '2'), ('241', 'SDU-CF-K4-P', 'Sinar Dunia CF Kecil NCR 4 PLY Putih', 'Trading', '189000', 'ukuran 9.5&quot; x 11.0&quot;\r\n(Isi 500 SET)', 'Aktif', '0', '0', 'BOX', '2013-05-06 09:33:15', '2013-05-06 09:33:15', '2', '2', '1', '2'), ('242', 'SDU-CF-K4-W', 'Sinar Dunia CF Kecil NCR 4 PLY Warna', 'Trading', '189000', 'ukuran 9.5&quot; x 11.0&quot;', 'Aktif', '0', '0', 'BOX', '2013-05-06 09:33:55', '2013-05-06 09:33:55', '2', '2', '1', '2'), ('243', 'SDU-CF-K5-P', 'Sinar Dunia CF Kecil NCR 5 PLY Putih', 'Trading', '233900', 'ukuran 9.5&quot; x 11.0&quot;', 'Aktif', '0', '0', 'BOX', '2013-05-06 09:36:11', '2013-05-06 09:36:11', '2', '2', '1', '2'), ('244', 'SDU-CF-K5-W', 'Sinar Dunia CF Kecil NCR 5 PLY Warna', 'Trading', '233900', 'ukuran 9.5&quot; x 11.0&quot;\r\n(Isi 500 SET)', 'Aktif', '0', '0', 'BOX', '2013-05-06 09:37:08', '2013-05-06 09:37:08', '2', '2', '1', '2'), ('245', 'SDU-CF-K1-PRS', 'Sinar Dunia CF Kecil 1 PLY Perforasi', 'Trading', '124800', 'ukuran 9.5&quot; x 11.0&quot;\r\n(Isi 2000 SET)', 'Aktif', '0', '0', 'BOX', '2013-05-06 09:48:40', '2013-05-06 09:48:40', '2', '2', '1', '2'), ('246', 'SDU-CF-K2-PRS-P', 'Sinar Dunia CF Kecil NCR 2 PLY Perforasi Putih', 'Trading', '178300', 'ukuran 9.5&quot; x 11.0&quot;\r\n(Isi 1000 SET)', 'Aktif', '0', '0', 'BOX', '2013-05-06 09:49:58', '2013-05-06 09:49:58', '2', '2', '1', '2'), ('247', 'SDU-CF-K2-PRS-W', 'Sinar Dunia CF Kecil NCR 2 PLY Perforasi Warna', 'Trading', '178300', 'ukuran 9.5&quot; x 11.0&quot;\r\n(Isi 1000 SET)', 'Aktif', '0', '0', 'BOX', '2013-05-06 09:51:19', '2013-05-06 09:51:19', '2', '2', '1', '2'), ('248', 'SDU-CF-K3-PRS-P', 'Sinar Dunia CF Kecil NCR 3 PLY Perforasi Putih', 'Trading', '277500', 'ukuran 9.5&quot; X 11.0&quot;\r\n(Isi 1000 SET)', 'Aktif', '0', '0', 'BOX', '2013-05-06 09:58:43', '2013-05-06 09:58:43', '2', '2', '1', '2'), ('249', 'SDU-CF-K3-PRS-W', 'Sinar Dunia CF Kecil NCR 3 PLY Perforasi Warna', 'Trading', '277500', 'ukuran 9.5&quot; x 11.0&quot;\r\n(Isi 1000 SET)', 'Aktif', '0', '0', 'BOX', '2013-05-06 09:59:28', '2013-05-06 09:59:28', '2', '2', '1', '2'), ('250', 'SDU-CF-K4-PRS-P', 'Sinar Dunia CF Kecil NCR 4 PLY Perforasi Putih', 'Trading', '197500', 'ukuran 9.5&quot; x 11.0&quot;\r\n(Isi 500 SET)', 'Aktif', '0', '0', 'BOX', '2013-05-06 10:00:23', '2013-05-06 10:00:23', '2', '2', '1', '2'), ('251', 'SDU-CF-K4-PRS-W', 'Sinar Dunia CF Kecil NCR 4 PLY Perforasi Warna', 'Trading', '197500', 'ukuran 9.5&quot; x 11.0&quot;\r\n(Isi 500 SET)', 'Aktif', '0', '0', 'BOX', '2013-05-06 10:01:16', '2013-05-06 10:01:16', '2', '2', '1', '2'), ('252', 'SDU-CF-K5-PRS-P', 'Sinar Dunia CF Kecil NCR 5 PLY Perforasi Putih', 'Trading', '241300', 'ukuran 9.5&quot; x 11.0&quot;\r\n(Isi 500 SET)', 'Aktif', '0', '0', 'BOX', '2013-05-06 10:03:01', '2013-05-06 10:03:01', '2', '2', '1', '2'), ('253', 'SDU-CF-K5-PRS-W', 'Sinar Dunia CF Kecil NCR 5 PLY Perforasi Warna', 'Trading', '241300', 'ukuran 9.5&quot; x 11.0&quot;\r\n(Isi 500 SET)', 'Aktif', '0', '0', 'BOX', '2013-05-06 10:04:07', '2013-05-06 10:04:07', '2', '2', '1', '2'), ('254', 'SDU-CF-B1', 'Sinar Dunia CF Besar 1 PLY', 'Trading', '189900', 'ukuran 14.875&quot; x 11.0&quot;\r\n(Isi 2000 SET)', 'Aktif', '0', '0', 'BOX', '2013-05-06 10:07:01', '2013-05-06 10:07:01', '2', '2', '1', '2'), ('255', 'SDU-CF-B2-P', 'Sinar Dunia CF Besar NCR 2 PLY Putih', 'Trading', '267600', 'ukuran 14.875&quot; x 11.0&quot;\r\n(Isi 1000 SET)', 'Aktif', '0', '0', 'BOX', '2013-05-06 10:07:48', '2013-05-06 10:07:48', '2', '2', '1', '2'), ('256', 'SDU-CF-B2-W', 'Sinar Dunia CF Besar NCR 2 PLY Warna', 'Trading', '267600', 'ukuran 14.875&quot; x 11.0&quot;\r\n(Isi 1000 SET)', 'Aktif', '0', '0', 'BOX', '2013-05-06 10:08:23', '2013-05-06 10:08:23', '2', '2', '1', '2'), ('257', 'SDU-CF-B3-P', 'Sinar Dunia CF Besar NCR 3 PLY Putih', 'Trading', '398000', 'ukuran 14.875&quot; x 11.0&quot;\r\n(Isi 1000 SET)', 'Aktif', '0', '0', 'BOX', '2013-05-06 10:08:59', '2013-05-06 10:08:59', '2', '2', '1', '2'), ('258', 'SDU-CF-B3-W', 'Sinar Dunia CF Besar NCR 3 PLY Warna', 'Trading', '398000', 'ukuran 14.875&quot; x 11.0&quot;\r\n(Isi 1000 SET)', 'Aktif', '0', '0', 'BOX', '2013-05-06 10:09:32', '2013-05-06 10:09:32', '2', '2', '1', '2'), ('259', 'SDU-CF-B4-P', 'Sinar Dunia CF Besar NCR 4 PLY Putih', 'Trading', '282800', 'ukuran 14.875&quot; x 11.0&quot;\r\n(Isi 500 SET)', 'Aktif', '0', '0', 'BOX', '2013-05-06 10:10:18', '2013-05-06 10:10:18', '2', '2', '1', '2'), ('260', 'SDU-CF-B4-W', 'Sinar Dunia CF Besar NCR 4 PLY Warna', 'Trading', '282800', 'ukuran 14.875&quot; x 11.0&quot;\r\n(Isi 500 SET)', 'Aktif', '0', '0', 'BOX', '2013-05-06 10:10:45', '2013-05-06 10:10:45', '2', '2', '1', '2'), ('261', 'SDU-CF-K1-100', 'Sinar Dunia CF Kecil 1 PLY Isi 100 Lembar', 'Trading', '4500', 'ukuran 9.5&quot; x 11.0&quot;', 'Aktif', '0', '0', 'PAK', '2013-05-06 10:22:58', '2013-05-06 10:22:58', '2', '2', '1', '2'), ('262', 'SDU-CF-B1-100', 'Sinar Dunia CF Besar 1 PLY Isi 100 Lembar', 'Trading', '7100', 'ukuran 14.875&quot; x 11.0&quot;', 'Aktif', '0', '0', 'PAK', '2013-05-06 10:44:03', '2013-05-06 10:44:03', '2', '2', '1', '2'), ('263', 'ERA-CF-K1', 'E-paper CF Kecil 1 PLY', 'Trading', '114900', 'ukuran 9.5&quot; x 11.0&quot;\r\n(Isi 2000 SET)', 'Aktif', '0', '0', 'BOX', '2013-05-06 11:15:02', '2013-05-06 11:15:02', '2', '2', '1', '2'), ('264', 'ERA-CF-K2-P', 'E-paper CF Kecil NCR 2 PLY Putih', 'Trading', '165700', 'ukuran 9.5&quot; x 11.0&quot;\r\n(Isi 1000 SET)', 'Aktif', '0', '0', 'BOX', '2013-05-06 11:16:37', '2013-05-06 11:16:37', '2', '2', '1', '2'), ('265', 'ERA-CF-K2-W', 'E-paper CF Kecil NCR 2 PLY Warna', 'Trading', '165700', 'ukuran 9.5&quot; x 11.0&quot;\r\n(Isi 1000 SET)', 'Aktif', '0', '0', 'BOX', '2013-05-06 11:24:16', '2013-05-06 11:24:16', '2', '2', '1', '2'), ('266', 'ERA-CF-K3-P', 'E-paper CF Kecil NCR 3 PLY Putih', 'Trading', '255600', 'ukuran 9.5&quot; x 11.0&quot;\r\n(Isi 1000 SET)', 'Aktif', '0', '0', 'BOX', '2013-05-06 11:26:58', '2013-05-06 11:26:58', '2', '2', '1', '2'), ('267', 'ERA-CF-K3-W', 'E-paper CF Kecil NCR 3 PLY Warna', 'Trading', '255600', 'ukuran 9.5&quot; x 11.0&quot;\r\n(Isi 1000 SET)', 'Aktif', '0', '0', 'BOX', '2013-05-06 11:27:35', '2013-05-06 11:27:35', '2', '2', '1', '2'), ('268', 'ERA-CF-K4-P', 'E-paper CF Kecil NCR 4 PLY Putih', 'Trading', '179600', 'ukuran 9.5&quot; x 11.0&quot;\r\n(Isi 500 SET)', 'Aktif', '0', '0', 'BOX', '2013-05-06 11:28:15', '2013-05-06 11:28:15', '2', '2', '1', '2'), ('269', 'ERA-CF-K4-W', 'E-paper CF Kecil NCR 4 PLY Warna', 'Trading', '179600', 'ukuran 9.5&quot; x 11.0&quot;\r\n(Isi 500 SET)', 'Aktif', '0', '0', 'BOX', '2013-05-06 11:28:47', '2013-05-06 11:28:47', '2', '2', '1', '2'), ('270', 'ERA-CF-K5-P', 'E-paper CF Kecil NCR 5 PLY Putih', 'Trading', '222200', 'ukuran 9.5&quot; x 11.0&quot;\r\n(Isi 500 SET)', 'Aktif', '0', '0', 'BOX', '2013-05-06 11:30:02', '2013-05-06 11:30:02', '2', '2', '1', '2'), ('271', 'ERA-CF-K5-W', 'E-paper CF Kecil NCR 5 PLY Warna', 'Trading', '222200', 'ukuran 9.5&quot; x 11.0&quot;\r\n(Isi 500 SET)', 'Aktif', '0', '0', 'BOX', '2013-05-06 11:31:46', '2013-05-06 11:31:46', '2', '2', '1', '2'), ('272', 'ERA-CF-K1-PRS', 'E-paper CF Kecil 1 PLY Perforasi', 'Trading', '118600', 'ukuran 9.5&quot; x 11.0&quot;\r\n(Isi 2000 SET)', 'Aktif', '0', '0', 'BOX', '2013-05-06 11:39:51', '2013-05-06 11:39:51', '2', '2', '1', '2'), ('273', 'ERA-CF-K2-PRS-P', 'E-paper CF Kecil NCR 2 PLY Perforasi Putih', 'Trading', '169400', 'ukuran 9.5&quot; x 11.0&quot;\r\n(Isi 1000 SET)', 'Aktif', '0', '0', 'BOX', '2013-05-06 11:46:08', '2013-05-06 11:46:08', '2', '2', '1', '2'), ('274', 'ERA-CF-K2-PRS-W', 'E-paper CF Kecil NCR 2 PLY Perforasi Warna', 'Trading', '169400', 'ukuran 9.5&quot; x 11.0&quot;\r\n(Isi 1000 SET)', 'Aktif', '0', '0', 'BOX', '2013-05-06 11:46:47', '2013-05-06 11:46:47', '2', '2', '1', '2'), ('275', 'ERA-CF-K3-PRS-P', 'E-paper CF Kecil NCR 3 PLY Perforasi Putih', 'Trading', '263600', 'ukuran 9.5&quot; x 11.0&quot;\r\n(Isi 1000 SET)', 'Aktif', '0', '0', 'BOX', '2013-05-06 11:48:04', '2013-05-06 11:48:04', '2', '2', '1', '2'), ('276', 'ERA-CF-K3-PRS-W', 'E-paper CF Kecil NCR 3 PLY Perforasi Warna', 'Trading', '263600', 'ukuran 9.5&quot; x 11.0&quot;\r\n(Isi 1000 SET)', 'Aktif', '0', '0', 'BOX', '2013-05-06 11:48:47', '2013-05-06 11:48:47', '2', '2', '1', '2'), ('277', 'ERA-CF-K4-PRS-P', 'E-paper CF Kecil NCR 4 PLY Perforasi Putih', 'Trading', '187600', 'ukuran 9.5&quot; x 11.0&quot;\r\n(Isi 500 SET)', 'Aktif', '0', '0', 'BOX', '2013-05-06 11:49:43', '2013-05-06 11:49:43', '2', '2', '1', '2'), ('278', 'ERA-CF-K4-PRS-W', 'E-paper CF Kecil NCR 4 PLY Perforasi Warna', 'Trading', '187600', 'ukuran 9.5&quot; x 11.0&quot;\r\n(Isi 500 SET)', 'Aktif', '0', '0', 'BOX', '2013-05-06 11:50:18', '2013-05-06 11:50:18', '2', '2', '1', '2'), ('279', 'ERA-CF-K5-PRS-P', 'E-paper CF Kecil NCR 5 PLY Perforasi Putih', 'Trading', '229200', 'ukuran 9.5&quot; x 11.0&quot;\r\n(Isi 500 SET)', 'Aktif', '0', '0', 'BOX', '2013-05-06 11:51:19', '2013-05-06 11:51:19', '2', '2', '1', '2'), ('280', 'ERA-CF-K5-PRS-W', 'E-paper CF Kecil NCR 5 PLY Perforasi Warna', 'Trading', '229200', 'ukuran 9.5&quot; x 11.0&quot;\r\n(Isi 500 SET)', 'Aktif', '0', '0', 'BOX', '2013-05-06 11:51:52', '2013-05-06 11:51:52', '2', '2', '1', '2'), ('281', 'ERA-CF-B1', 'E-paper CF Besar 1 PLY', 'Trading', '180400', 'ukuran 14.875&quot; x 11.0&quot;\r\n(Isi 2000 SET)', 'Aktif', '0', '0', 'BOX', '2013-05-06 11:57:19', '2013-05-06 11:57:19', '2', '2', '1', '2'), ('282', 'ERA-CF-B2-P', 'E-paper CF Besar NCR 2 PLY Putih', 'Trading', '254200', 'ukuran 14.875&quot; x 11.0&quot;\r\n(Isi 1000 SET)', 'Aktif', '0', '0', 'BOX', '2013-05-06 13:42:45', '2013-05-06 13:42:45', '2', '2', '1', '2'), ('283', 'ERA-CF-B2-W', 'E-paper CF Besar NCR 2 PLY Warna', 'Trading', '254200', 'ukuran 14.875&quot; x 11.0&quot;\r\n(Isi 1000 SET)', 'Aktif', '0', '0', 'BOX', '2013-05-06 13:44:54', '2013-05-06 13:44:54', '2', '2', '1', '2'), ('284', 'ERA-CF-B3-P', 'E-paper CF Besar NCR 3 PLY Putih', 'Trading', '378100', 'ukuran 14.875&quot; x 11.0&quot;\r\n(Isi 1000 SET)', 'Aktif', '0', '0', 'BOX', '2013-05-06 13:45:43', '2013-05-06 13:45:43', '2', '2', '1', '2'), ('285', 'ERA-CF-B3-W', 'E-paper CF Besar NCR 3 PLY Warna', 'Trading', '378100', 'ukuran 14.875&quot; x 11.0&quot;\r\n(Isi 1000 SET)', 'Aktif', '0', '0', 'BOX', '2013-05-06 13:46:18', '2013-05-06 13:46:18', '2', '2', '1', '2'), ('286', 'ERA-CF-B4-P', 'E-paper CF Besar NCR 4 PLY Putih', 'Trading', '268700', 'ukuran 14.875&quot; x 11.0&quot;\r\n(Isi 500 SET)', 'Aktif', '0', '0', 'BOX', '2013-05-06 13:47:06', '2013-05-06 13:47:06', '2', '2', '1', '2'), ('287', 'ERA-CF-B4-W', 'E-paper CF Besar NCR 4 PLY Warna', 'Trading', '268700', 'ukuran 14.875&quot; x 11.0&quot;\r\n(Isi 500 SET)', 'Aktif', '0', '0', 'BOX', '2013-05-06 13:47:42', '2013-05-06 13:47:42', '2', '2', '1', '2'), ('288', 'ERA-NK-K2-NCR', 'E-paper Nota Kontan Kecil NCR 2 PLY', 'Trading', '1150', 'ukuran 10.0 x 16.0', 'Aktif', '0', '0', 'PCS', '2013-05-06 14:26:31', '2013-05-06 14:26:31', '2', '2', '1', '12'), ('289', 'ERA-NK-K3-NCR', 'E-paper Nota Kontan Kecil NCR 3 PLY', 'Trading', '1670', 'ukuran 10.0 x 16.0', 'Aktif', '0', '0', 'PCS', '2013-05-06 14:33:14', '2013-05-06 14:33:14', '2', '2', '1', '12'), ('290', 'ERA-NK-B2-NCR', 'E-paper Nota Kontan Besar NCR 2 PLY', 'Trading', '2320', 'ukuran 16.0 x 21.0', 'Aktif', '0', '0', 'PCS', '2013-05-06 14:35:44', '2013-05-06 14:35:44', '2', '2', '1', '12'), ('291', 'ERA-NK-B3-NCR', 'E-paper Nota Kontan Besar NCR 3 PLY', 'Trading', '3430', 'ukuran 16.0 x 21.0', 'Aktif', '0', '0', 'PCS', '2013-05-06 14:36:40', '2013-05-06 14:36:40', '2', '2', '1', '12'), ('292', 'PPL-NK-K1', 'Paperline Nota Kontan Kecil 1 Ply', 'Trading', '1030', 'ukuran 10.0 x 16.0', 'Aktif', '0', '0', 'PCS', '2013-05-06 14:48:34', '2013-05-06 14:48:34', '2', '2', '1', '12'), ('293', 'PPL-NK-K1-HZ', 'Paperline Nota Kontan Kecil Hz 1 Ply', 'Trading', '1030', 'ukuran 10.0 x 16.0', 'Aktif', '0', '0', 'PCS', '2013-05-06 14:52:55', '2013-05-06 14:52:55', '2', '2', '1', '12'), ('294', 'PPL-NK-K2-NCR', 'Paperline Nota Kontan Kecil NCR 2 PLY', 'Trading', '1430', 'ukuran 10.0 x 16.0', 'Aktif', '0', '0', 'PCS', '2013-05-06 14:55:30', '2013-05-06 14:55:30', '2', '2', '1', '12'), ('295', 'PPL-NK-K2-NCR-HZ', 'Paperline Nota Kontan Kecil NCR HZ 2 PLY', 'Trading', '1430', 'ukuran 10.0 x 16.0', 'Aktif', '0', '0', 'PCS', '2013-05-06 15:38:32', '2013-05-06 15:38:32', '2', '2', '1', '12'), ('296', 'PPL-NK-K3-NCR', 'Paperline Nota Kontan Kecil NCR 3 PLY', 'Trading', '2090', 'ukuran 10.0 x 16.0', 'Aktif', '0', '0', 'PCS', '2013-05-06 15:39:24', '2013-05-06 15:39:24', '2', '2', '1', '12'), ('297', 'PPL-NK-K3-NCR-HZ', 'Paperline Nota Kontan Kecil NCR HZ 3 PLY', 'Trading', '2090', 'ukuran 10.0 x 16.0', 'Aktif', '0', '0', 'PCS', '2013-05-06 15:40:10', '2013-05-06 15:40:10', '2', '2', '1', '12'), ('298', 'PPL-NK-B1', 'Paperline Nota Kontan Besar 1 PLY', 'Trading', '2070', 'ukuran 16.0 x 21.0', 'Aktif', '0', '0', 'PCS', '2013-05-06 15:45:45', '2013-05-06 15:45:45', '2', '2', '1', '12'), ('299', 'PPL-NK-B1-HZ', 'Paperline Nota Kontan Besar HZ 1 PLY', 'Trading', '2070', 'ukuran 16.0 x 21.0', 'Aktif', '0', '0', 'PCS', '2013-05-06 15:46:31', '2013-05-06 15:46:31', '2', '2', '1', '12'), ('300', 'PPL-NK-B2-NCR', 'Paperline Nota Kontan Besar NCR 2 PLY', 'Trading', '2900', 'ukuran 16.0 x 21.0', 'Aktif', '0', '0', 'PCS', '2013-05-06 15:47:26', '2013-05-06 15:47:26', '2', '2', '1', '12'), ('301', 'PPL-NK-B2-NCR-HZ', 'Paperline Nota Kontan Besar NCR HZ 2 PLY', 'Trading', '2900', 'ukuran 16.0 x 21.0', 'Aktif', '0', '0', 'PCS', '2013-05-06 15:48:17', '2013-05-06 15:48:17', '2', '2', '1', '12'), ('302', 'PPL-NK-B3-NCR', 'Paperline Nota Kontan Besar NCR 3 PLY', 'Trading', '4270', 'ukuran 16.0 x 21.0', 'Aktif', '0', '0', 'PCS', '2013-05-06 15:49:09', '2013-05-06 15:49:09', '2', '2', '1', '12'), ('303', 'PPL-NK-B3-NCR-HZ', 'Paperline Nota Kontan Besar NCR HZ 3 PLY', 'Trading', '4270', 'ukuran 16.0 x 21.0', 'Aktif', '0', '0', 'PCS', '2013-05-06 15:49:51', '2013-05-06 15:49:51', '2', '2', '1', '12'), ('304', 'PPL-FR-B3-NCR', 'Paperline Faktur Besar NCR 3 PLY', 'Trading', '4270', 'ukuran 16.0 x 21.0', 'Aktif', '0', '0', 'PCS', '2013-05-07 09:18:19', '2013-05-07 09:18:19', '2', '2', '1', '12'), ('305', 'PPL-SJ-B3-NCR', 'Paperline Surat Jalan Besar NCR 3 PLY', 'Trading', '4270', 'ukuran 16.0 x 21.0', 'Aktif', '0', '0', 'PCS', '2013-05-07 09:19:13', '2013-05-07 09:19:13', '2', '2', '1', '12'), ('306', 'PPL-SJ-B4-NCR', 'Paperline Surat Jalan Besar NCR 4 PLY', 'Trading', '4780', 'ukuran 16.0 x 21.0', 'Aktif', '0', '0', 'PCS', '2013-05-07 09:20:22', '2013-05-07 09:20:22', '2', '2', '1', '12'), ('307', 'PPL-SSP-5-PLY', 'Paperline Surat Setoran Pajak 5 PLY', 'Trading', '7490', 'ukuran 21.0 x 28.0', 'Aktif', '0', '0', 'PCS', '2013-05-07 09:21:40', '2013-05-07 09:21:40', '2', '2', '1', '12'), ('308', 'PPL-FPS-3-PLY', 'Paperline Faktur Pajak Standard 3 PLY', 'Trading', '7340', 'ukuran 21.0 x 28.0', 'Aktif', '0', '0', 'PCS', '2013-05-07 09:22:47', '2013-05-07 09:22:47', '2', '2', '1', '12'), ('309', 'PPL-BKM-K2-NCR', 'Paperline Bukti Kas Masuk NCR 2 PLY Kecil', 'Trading', '1690', 'ukuran 21.0 x 10.5', 'Aktif', '0', '0', 'PCS', '2013-05-07 09:50:20', '2013-05-07 09:50:20', '2', '2', '1', '12'), ('310', 'PPL-BKK-K2-NCR', 'Paperline Bukti Kas Keluar NCR 2 PLY Kecil', 'Trading', '1690', 'ukuran 21.0 x 10.5', 'Aktif', '0', '0', 'PCS', '2013-05-07 09:52:01', '2013-05-07 09:52:01', '2', '2', '1', '12'), ('311', 'PPL-BK-K2-NCR', 'Paperline Bukti Kas NCR 2 PLY Kecil', 'Trading', '1690', 'ukuran 21.0 x 10.5', 'Aktif', '0', '0', 'PCS', '2013-05-07 09:57:08', '2013-05-07 09:57:08', '2', '2', '1', '12'), ('312', 'PPL-BK-K3-NCR', 'Paperline Bukti Kas NCR 3 PLY Kecil', 'Trading', '2430', 'ukuran 21.0 x 10.5', 'Aktif', '0', '0', 'PCS', '2013-05-07 09:58:12', '2013-05-07 09:58:12', '2', '2', '1', '12'), ('313', 'PPL-BK-K1-HVS', 'Paperline Bukti Kas HVS 1 PLY Kecil', 'Trading', '1720', 'ukuran 21.0 x 10.5', 'Aktif', '0', '0', 'PCS', '2013-05-07 09:59:09', '2013-05-07 09:59:09', '2', '2', '1', '12'), ('314', 'PPL-TT-B2-NCR', 'Paperline Tanda Terima NCR 2 PLY Besar', 'Trading', '2570', 'ukuran 21.0 x 16.0', 'Aktif', '0', '0', 'PCS', '2013-05-07 10:00:33', '2013-05-07 10:00:33', '2', '2', '1', '12'), ('315', 'PPL-KT-B2-NCR', 'Paperline Kuitansi NCR 2 PLY Besar', 'Trading', '2570', 'ukuran 21.0 x 16.0', 'Aktif', '0', '0', 'PCS', '2013-05-07 10:02:11', '2013-05-07 10:02:11', '2', '2', '1', '12');
INSERT INTO `product` (`productid`, `code`, `name`, `type`, `price`, `description`, `status`, `minimum_stock`, `total_stock`, `smallest_unit`, `created_date`, `modified_date`, `created_by`, `modified_by`, `product_groupid`, `product_categoryid`) VALUES ('316', 'PPL-KT-B3-NCR', 'Paperline Kuitansi NCR 3 PLY Besar', 'Trading', '3700', 'ukuran 21.0 x 16.0', 'Aktif', '0', '0', 'PCS', '2013-05-07 10:03:00', '2013-05-07 10:03:00', '2', '2', '1', '12'), ('317', 'PPL-KB-K1-HVS', 'Paperline Kas Besar HVS 1 PLY Kecil', 'Trading', '2570', 'ukuran 21.0 x 10.5', 'Aktif', '0', '0', 'PCS', '2013-05-07 10:05:34', '2013-05-07 10:05:34', '2', '2', '1', '12');
COMMIT;

-- ----------------------------
--  Records of `product_category`
-- ----------------------------
BEGIN;
INSERT INTO `product_category` (`product_categoryid`, `code`, `name`, `status`, `created_date`, `modified_date`, `created_by`, `modified_by`) VALUES ('1', 'HVS', 'Hvs Folio', 'Aktif', '2013-04-30 05:30:28', '2013-04-30 05:30:28', '2', '2'), ('2', 'CNF', 'Continuous Form', 'Aktif', '2013-04-30 05:31:48', '2013-04-30 05:31:48', '2', '2'), ('3', 'BOK', 'Buku Tulis', 'Aktif', '2013-04-30 05:36:28', '2013-04-30 05:36:28', '2', '2'), ('4', 'BGB', 'Buku Gambar', 'Aktif', '2013-04-30 05:45:02', '2013-04-30 05:45:02', '2', '2'), ('5', 'NGA', 'Niaga', 'Aktif', '2013-04-30 05:46:20', '2013-04-30 05:46:20', '2', '2'), ('6', 'NNG', 'Non Niaga', 'Aktif', '2013-04-30 05:48:16', '2013-04-30 05:48:16', '2', '2'), ('7', 'KTR', 'Kantor', 'Aktif', '2013-04-30 05:49:17', '2013-04-30 05:49:17', '2', '2'), ('8', 'GDG', 'Gudang', 'Aktif', '2013-04-30 05:49:34', '2013-04-30 05:49:34', '2', '2'), ('9', 'COM', 'Komputer', 'Aktif', '2013-04-30 05:52:45', '2013-04-30 05:52:45', '2', '2'), ('10', 'MEU', 'Meubel', 'Aktif', '2013-04-30 05:53:09', '2013-04-30 05:53:09', '2', '2'), ('11', 'ELK', 'Elektronik', 'Aktif', '2013-05-01 08:06:32', '2013-05-01 08:06:32', '2', '2'), ('12', 'NTA', 'Nota', 'Aktif', '2013-05-01 08:08:30', '2013-05-01 08:08:30', '2', '2'), ('13', 'ENV', 'Envelope', 'Aktif', '2013-05-01 08:14:05', '2013-05-01 08:14:05', '2', '2'), ('14', 'LSL', 'Loose Leaf', 'Aktif', '2013-05-01 08:20:22', '2013-05-01 08:20:22', '2', '2'), ('15', 'KWT', 'Kwitansi', 'Aktif', '2013-05-01 08:22:10', '2013-05-01 08:22:10', '2', '2'), ('16', 'SHB', 'Shopping Bag', 'Aktif', '2013-05-01 11:12:41', '2013-05-01 11:12:41', '2', '2'), ('17', 'MLB', 'Millimeter Block', 'Aktif', '2013-05-01 11:13:27', '2013-05-01 11:13:27', '2', '2'), ('18', 'SKB', 'Sketch Book', 'Aktif', '2013-05-01 11:13:45', '2013-05-01 11:13:45', '2', '2'), ('19', 'RLF', 'Rolling Folio', 'Aktif', '2013-05-01 11:14:17', '2013-05-01 11:14:17', '2', '2'), ('20', 'KKD', 'Kertas Kado', 'Aktif', '2013-05-01 12:30:10', '2013-05-01 12:30:10', '2', '2'), ('21', 'HCV', 'Hard Cover', 'Aktif', '2013-05-01 12:33:38', '2013-05-01 12:33:38', '2', '2'), ('22', 'SBK', 'Spiral Book', 'Aktif', '2013-05-01 12:34:19', '2013-05-01 12:34:19', '2', '2'), ('23', 'ORG', 'Origami', 'Aktif', '2013-05-02 10:15:46', '2013-05-02 10:15:46', '2', '2'), ('24', 'LNL', 'Loose &amp; Lock', 'Aktif', '2013-05-06 08:28:19', '2013-05-06 08:28:19', '2', '2'), ('25', 'FOP', 'Flip Over Pad', 'Aktif', '2013-05-06 08:28:32', '2013-05-06 08:28:32', '2', '2'), ('26', 'TST', 'Telstrook', 'Aktif', '2013-05-06 14:09:21', '2013-05-06 14:09:21', '2', '2');
COMMIT;

-- ----------------------------
--  Records of `product_group`
-- ----------------------------
BEGIN;
INSERT INTO `product_group` (`product_groupid`, `code`, `name`, `created_date`, `modified_date`, `created_by`, `modified_by`, `status`) VALUES ('1', 'OFP', 'Office Product', '2013-04-30 05:27:09', '2013-04-30 05:27:09', '2', '2', 'Aktif'), ('2', 'SCP', 'School Product', '2013-04-30 05:28:02', '2013-04-30 05:28:02', '2', '2', 'Aktif'), ('3', 'TNH', 'Tanah', '2013-04-30 05:41:21', '2013-04-30 05:41:21', '2', '2', 'Aktif'), ('4', 'KND', 'Kendaraan', '2013-04-30 05:41:46', '2013-04-30 05:41:46', '2', '2', 'Aktif'), ('5', 'BGN', 'Bangunan', '2013-04-30 05:42:27', '2013-04-30 05:42:27', '2', '2', 'Aktif'), ('6', 'INV', 'Inventaris', '2013-04-30 05:42:46', '2013-04-30 05:42:46', '2', '2', 'Aktif');
COMMIT;

-- ----------------------------
--  Records of `purchase_order`
-- ----------------------------
BEGIN;
INSERT INTO `purchase_order` (`purchase_orderid`, `code`, `supplierid`, `purchase_date`, `period`, `departmentid`, `type`, `product_type`, `description`, `print_quantity`, `status`, `currency`, `term_of_payment`, `additional_cost`, `additional_description`, `total_price`, `total_discount`, `final_price`, `created_date`, `modified_date`, `created_by`, `modified_by`, `upload`) VALUES ('1', 'PO/13/05/0001', '1', '2013-05-15 00:00:00', '201305', '3', 'Lokal', 'Trading', '', '0', 'Diproses', null, null, '0', '', '116162500', '0', '116162500', '2013-05-14 15:55:24', '2013-05-14 16:01:29', '2', '2', null), ('2', 'PO/13/05/0002', '1', '2013-05-16 00:00:00', '201305', '3', 'Lokal', 'Trading', '', '0', 'Disetujui', null, null, '0', '', '31703000', '0', '31703000', '2013-05-14 16:01:53', '2013-05-14 16:02:15', '2', '2', null);
COMMIT;

-- ----------------------------
--  Records of `purchase_order_detail`
-- ----------------------------
BEGIN;
INSERT INTO `purchase_order_detail` (`purchase_order_detailid`, `code`, `quantity`, `description`, `price`, `discount`, `purchase_orderid`, `request_order_detailid`, `request_orderid`, `status`, `total_receipt`, `created_date`, `modified_date`, `created_by`, `modified_by`) VALUES ('1', 'PO/13/05/0001/01', '500', '', '27630', '0', '1', '1', '1', 'Selesai', '500', '2013-05-14 15:55:33', '2013-05-14 16:01:29', '2', '2'), ('1', 'PO/13/05/0002/01', '250', '', '54080', '0', '2', '1', '2', 'Disetujui', '0', '2013-05-14 16:02:05', '2013-05-14 16:02:15', '2', '2'), ('2', 'PO/13/05/0001/02', '600', '', '30760', '0', '1', '2', '1', 'Selesai', '600', '2013-05-14 15:56:57', '2013-05-14 16:01:29', '2', '2'), ('2', 'PO/13/05/0002/02', '300', '', '60610', '0', '2', '2', '2', 'Disetujui', '0', '2013-05-14 16:02:10', '2013-05-14 16:02:15', '2', '2'), ('3', 'PO/13/05/0001/03', '550', '', '34480', '0', '1', '3', '1', 'Selesai', '550', '2013-05-14 15:57:04', '2013-05-14 16:01:29', '2', '2'), ('4', 'PO/13/05/0001/04', '1000', '', '27040', '0', '1', '4', '1', 'Disetujui', '0', '2013-05-14 15:57:28', '2013-05-14 16:01:29', '2', '2'), ('5', 'PO/13/05/0001/05', '1250', '', '30310', '0', '1', '5', '1', 'Disetujui', '0', '2013-05-14 16:01:23', '2013-05-14 16:01:29', '2', '2');
COMMIT;

-- ----------------------------
--  Records of `purchase_order_detail_partial_delivery`
-- ----------------------------
BEGIN;
INSERT INTO `purchase_order_detail_partial_delivery` (`purchase_order_detail_partial_deliveryid`, `code`, `quantity`, `estimation_arrival_date`, `estimation_delivery_type`, `estimation_delivery_month`, `estimation_arrival_type`, `estimation_arrival_month`, `description`, `purchase_order_detailid`, `purchase_orderid`, `created_date`, `modified_date`, `created_by`, `modified_by`) VALUES ('1', 'PO/13/05/0001/01/01', '500', '2013-05-21 00:00:00', null, null, null, null, '', '1', '1', '2013-05-14 15:55:33', '2013-05-14 15:55:33', '2', '2'), ('1', 'PO/13/05/0002/01/01', '250', '2013-05-22 00:00:00', null, null, null, null, '', '1', '2', '2013-05-14 16:02:05', '2013-05-14 16:02:05', '2', '2'), ('1', 'PO/13/05/0001/02/01', '600', '2013-05-21 00:00:00', null, null, null, null, '', '2', '1', '2013-05-14 15:56:57', '2013-05-14 15:56:57', '2', '2'), ('1', 'PO/13/05/0002/02/01', '300', '2013-05-22 00:00:00', null, null, null, null, '', '2', '2', '2013-05-14 16:02:10', '2013-05-14 16:02:10', '2', '2'), ('1', 'PO/13/05/0001/03/01', '550', '2013-05-21 00:00:00', null, null, null, null, '', '3', '1', '2013-05-14 15:57:04', '2013-05-14 15:57:04', '2', '2'), ('1', 'PO/13/05/0001/04/01', '1000', '2013-05-21 00:00:00', null, null, null, null, '', '4', '1', '2013-05-14 15:57:28', '2013-05-14 15:57:28', '2', '2'), ('1', 'PO/13/05/0001/05/01', '1250', '2013-05-21 00:00:00', null, null, null, null, '', '5', '1', '2013-05-14 16:01:23', '2013-05-14 16:01:23', '2', '2');
COMMIT;

-- ----------------------------
--  Records of `receipt_order`
-- ----------------------------
BEGIN;
INSERT INTO `receipt_order` (`receipt_orderid`, `code`, `supplierid`, `receipt_date`, `period`, `type`, `description`, `print_quantity`, `status`, `created_date`, `modified_date`, `created_by`, `modified_by`, `upload`) VALUES ('1', 'LPB/13/05/0001', '1', '2013-05-21 00:00:00', '201305', 'Lokal', '', '0', 'Close', '2013-05-14 16:03:29', '2013-05-14 16:03:29', '2', '2', null);
COMMIT;

-- ----------------------------
--  Records of `receipt_order_detail`
-- ----------------------------
BEGIN;
INSERT INTO `receipt_order_detail` (`receipt_orderid`, `receipt_order_detailid`, `code`, `quantity`, `inventoryid`, `description`, `purchase_order_detailid`, `purchase_orderid`, `created_date`, `modified_date`, `created_by`, `modified_by`) VALUES ('1', '1', 'LPB/13/05/0001/01', '500', '3', '', '1', '1', '2013-05-15 09:24:20', '2013-05-15 09:24:20', '2', '2'), ('1', '2', 'LPB/13/05/0001/02', '600', '7', '', '2', '1', '2013-05-15 09:35:25', '2013-05-15 09:35:25', '2', '2'), ('1', '3', 'LPB/13/05/0001/03', '550', '5', '', '3', '1', '2013-05-17 12:03:22', '2013-05-17 12:03:22', '2', '2');
COMMIT;

-- ----------------------------
--  Records of `request_order`
-- ----------------------------
BEGIN;
INSERT INTO `request_order` (`request_orderid`, `code`, `request_date`, `period`, `from_departmentid`, `type`, `product_type`, `description`, `print_quantity`, `status`, `currency`, `term_of_payment`, `created_date`, `modified_date`, `created_by`, `modified_by`, `upload`, `to_departmentid`) VALUES ('1', 'PP/13/05/0001', '2013-05-14 00:00:00', '201305', '3', 'Lokal', 'Trading', '', '0', 'Selesai', 'IDR', null, '2013-05-14 15:44:37', '2013-05-14 15:44:37', '2', '2', null, '3'), ('2', 'PP/13/05/0002', '2013-05-15 00:00:00', '201305', '3', 'Lokal', 'Trading', '', '0', 'Selesai', 'IDR', null, '2013-05-14 15:51:17', '2013-05-14 15:51:17', '2', '2', null, '3');
COMMIT;

-- ----------------------------
--  Records of `request_order_detail`
-- ----------------------------
BEGIN;
INSERT INTO `request_order_detail` (`request_order_detailid`, `code`, `quantity`, `description`, `productid`, `request_orderid`, `status`, `total_purchase`, `total_finish_purchase`, `created_date`, `modified_date`, `created_by`, `modified_by`) VALUES ('1', 'PP/13/05/0001/01', '500', '', '88', '1', 'Selesai', '500', '500', '2013-05-14 15:45:03', '2013-05-14 15:49:59', '2', '2'), ('1', 'PP/13/05/0002/01', '250', '', '98', '2', 'Selesai', '250', '250', '2013-05-14 15:52:08', '2013-05-14 15:52:35', '2', '2'), ('2', 'PP/13/05/0001/02', '600', '', '89', '1', 'Selesai', '600', '600', '2013-05-14 15:47:11', '2013-05-14 15:50:05', '2', '2'), ('2', 'PP/13/05/0002/02', '300', '', '99', '2', 'Selesai', '300', '300', '2013-05-14 15:52:29', '2013-05-14 15:52:41', '2', '2'), ('3', 'PP/13/05/0001/03', '550', '', '90', '1', 'Selesai', '550', '550', '2013-05-14 15:48:21', '2013-05-14 15:50:10', '2', '2'), ('4', 'PP/13/05/0001/04', '1000', '', '91', '1', 'Selesai', '1000', '1000', '2013-05-14 15:49:27', '2013-05-14 15:50:16', '2', '2'), ('5', 'PP/13/05/0001/05', '1250', '', '92', '1', 'Selesai', '1250', '1250', '2013-05-14 15:49:43', '2013-05-14 15:50:22', '2', '2');
COMMIT;

-- ----------------------------
--  Records of `request_order_detail_partial_delivery`
-- ----------------------------
BEGIN;
INSERT INTO `request_order_detail_partial_delivery` (`request_order_detail_partial_deliveryid`, `code`, `quantity`, `estimation_arrival_date`, `estimation_delivery_type`, `estimation_delivery_month`, `estimation_arrival_type`, `estimation_arrival_month`, `description`, `request_order_detailid`, `request_orderid`, `created_date`, `modified_date`, `created_by`, `modified_by`) VALUES ('1', 'PP/13/05/0001/01/01', '500', '2013-05-21 00:00:00', null, null, null, null, '', '1', '1', '2013-05-14 15:45:03', '2013-05-14 15:45:03', '2', '2'), ('1', 'PP/13/05/0002/01/01', '250', '2013-05-22 00:00:00', null, null, null, null, '', '1', '2', '2013-05-14 15:52:08', '2013-05-14 15:52:08', '2', '2'), ('1', 'PP/13/05/0001/02/01', '600', '2013-05-21 00:00:00', null, null, null, null, '', '2', '1', '2013-05-14 15:47:11', '2013-05-14 15:47:11', '2', '2'), ('1', 'PP/13/05/0002/02/01', '300', '2013-05-22 00:00:00', null, null, null, null, '', '2', '2', '2013-05-14 15:52:29', '2013-05-14 15:52:29', '2', '2'), ('1', 'PP/13/05/0001/03/01', '550', '2013-05-21 00:00:00', null, null, null, null, '', '3', '1', '2013-05-14 15:48:21', '2013-05-14 15:48:21', '2', '2'), ('1', 'PP/13/05/0001/04/01', '1000', '2013-05-21 00:00:00', null, null, null, null, '', '4', '1', '2013-05-14 15:49:27', '2013-05-14 15:49:27', '2', '2'), ('1', 'PP/13/05/0001/05/01', '1250', '2013-05-21 00:00:00', null, null, null, null, '', '5', '1', '2013-05-14 15:49:43', '2013-05-14 15:49:43', '2', '2');
COMMIT;

-- ----------------------------
--  Records of `supplier`
-- ----------------------------
BEGIN;
INSERT INTO `supplier` (`supplierid`, `code`, `name`, `group`, `address`, `city`, `province`, `country`, `phone`, `mobile`, `fax`, `email`, `npwp`, `term_of_payment`, `time_of_credit`, `credit_limit`, `status`, `created_date`, `modified_date`, `created_by`, `modified_by`) VALUES ('1', 'C0001', 'Cakrawala Mega Indah, PT', 'Lokal', 'Plaza BII Menara II Lt. 17-20 Jl. MH Thamrin 51, Gondangdia, Menteng', 'Jakarta', 'DKI Jakarta', 'Indonesia', '', '', '', '', '01.371.060.3-092.000', 'Kredit / Cicilan', '30', '', 'Aktif', '2013-04-30 05:09:03', '2013-04-30 05:09:03', '2', '2');
COMMIT;

-- ----------------------------
--  Records of `unit_conversion`
-- ----------------------------
BEGIN;
INSERT INTO `unit_conversion` (`productid`, `measurement_unit`, `quantity`, `created_date`, `modified_date`, `created_by`, `modified_by`) VALUES ('1', 'PAK', '6', '2013-05-01 08:35:40', '2013-05-01 08:35:40', '2', '2'), ('1', 'BOX', '144', '2013-05-01 08:35:40', '2013-05-01 08:35:40', '2', '2'), ('1', 'PCS', '1', '2013-05-01 08:35:40', '2013-05-01 08:35:40', '2', '2'), ('2', 'PAK', '6', '2013-05-01 08:40:09', '2013-05-01 08:40:09', '2', '2'), ('2', 'BOX', '144', '2013-05-01 08:40:09', '2013-05-01 08:40:09', '2', '2'), ('2', 'PCS', '1', '2013-05-01 08:40:09', '2013-05-01 08:40:09', '2', '2'), ('4', 'PAK', '6', '2013-05-01 08:56:15', '2013-05-01 08:56:15', '2', '2'), ('4', 'BOX', '144', '2013-05-01 08:56:15', '2013-05-01 08:56:15', '2', '2'), ('4', 'PCS', '1', '2013-05-01 08:56:15', '2013-05-01 08:56:15', '2', '2'), ('3', 'PAK', '6', '2013-05-01 09:02:26', '2013-05-01 09:02:26', '2', '2'), ('3', 'BOX', '144', '2013-05-01 09:02:26', '2013-05-01 09:02:26', '2', '2'), ('3', 'PCS', '1', '2013-05-01 09:02:26', '2013-05-01 09:02:26', '2', '2'), ('6', 'PAK', '6', '2013-05-01 09:06:45', '2013-05-01 09:06:45', '2', '2'), ('6', 'BOX', '144', '2013-05-01 09:06:45', '2013-05-01 09:06:45', '2', '2'), ('6', 'PCS', '1', '2013-05-01 09:06:45', '2013-05-01 09:06:45', '2', '2'), ('7', 'PAK', '5', '2013-05-01 09:09:05', '2013-05-01 09:09:05', '2', '2'), ('7', 'BOX', '20', '2013-05-01 09:09:05', '2013-05-01 09:09:05', '2', '2'), ('7', 'PCS', '1', '2013-05-01 09:09:05', '2013-05-01 09:09:05', '2', '2'), ('5', 'PAK', '6', '2013-05-01 09:13:04', '2013-05-01 09:13:04', '2', '2'), ('5', 'BOX', '144', '2013-05-01 09:13:04', '2013-05-01 09:13:04', '2', '2'), ('5', 'PCS', '1', '2013-05-01 09:13:04', '2013-05-01 09:13:04', '2', '2'), ('9', 'PAK', '10', '2013-05-01 09:16:51', '2013-05-01 09:16:51', '2', '2'), ('9', 'BOX', '400', '2013-05-01 09:16:51', '2013-05-01 09:16:51', '2', '2'), ('9', 'PCS', '1', '2013-05-01 09:16:51', '2013-05-01 09:16:51', '2', '2'), ('10', 'PAK', '10', '2013-05-01 09:19:15', '2013-05-01 09:19:15', '2', '2'), ('10', 'BOX', '320', '2013-05-01 09:19:15', '2013-05-01 09:19:15', '2', '2'), ('10', 'PCS', '1', '2013-05-01 09:19:15', '2013-05-01 09:19:15', '2', '2'), ('11', 'PAK', '10', '2013-05-01 09:24:53', '2013-05-01 09:24:53', '2', '2'), ('11', 'BOX', '320', '2013-05-01 09:24:53', '2013-05-01 09:24:53', '2', '2'), ('11', 'PCS', '1', '2013-05-01 09:24:53', '2013-05-01 09:24:53', '2', '2'), ('12', 'PAK', '10', '2013-05-01 09:27:12', '2013-05-01 09:27:12', '2', '2'), ('12', 'BOX', '320', '2013-05-01 09:27:12', '2013-05-01 09:27:12', '2', '2'), ('12', 'PCS', '1', '2013-05-01 09:27:12', '2013-05-01 09:27:12', '2', '2'), ('14', 'PAK', '10', '2013-05-01 09:32:56', '2013-05-01 09:32:56', '2', '2'), ('14', 'BOX', '320', '2013-05-01 09:32:56', '2013-05-01 09:32:56', '2', '2'), ('14', 'PCS', '1', '2013-05-01 09:32:56', '2013-05-01 09:32:56', '2', '2'), ('15', 'PAK', '10', '2013-05-01 09:34:16', '2013-05-01 09:34:16', '2', '2'), ('15', 'BOX', '320', '2013-05-01 09:34:16', '2013-05-01 09:34:16', '2', '2'), ('15', 'PCS', '1', '2013-05-01 09:34:16', '2013-05-01 09:34:16', '2', '2'), ('16', 'PAK', '10', '2013-05-01 09:35:37', '2013-05-01 09:35:37', '2', '2'), ('16', 'BOX', '320', '2013-05-01 09:35:37', '2013-05-01 09:35:37', '2', '2'), ('16', 'PCS', '1', '2013-05-01 09:35:37', '2013-05-01 09:35:37', '2', '2'), ('17', 'PAK', '10', '2013-05-01 09:48:05', '2013-05-01 09:48:05', '2', '2'), ('17', 'BOX', '320', '2013-05-01 09:48:05', '2013-05-01 09:48:05', '2', '2'), ('17', 'PCS', '1', '2013-05-01 09:48:05', '2013-05-01 09:48:05', '2', '2'), ('18', 'PAK', '10', '2013-05-01 09:53:28', '2013-05-01 09:53:28', '2', '2'), ('18', 'BOX', '320', '2013-05-01 09:53:28', '2013-05-01 09:53:28', '2', '2'), ('18', 'PCS', '1', '2013-05-01 09:53:28', '2013-05-01 09:53:28', '2', '2'), ('19', 'PAK', '10', '2013-05-01 10:03:43', '2013-05-01 10:03:43', '2', '2'), ('19', 'BOX', '320', '2013-05-01 10:03:43', '2013-05-01 10:03:43', '2', '2'), ('19', 'PCS', '1', '2013-05-01 10:03:43', '2013-05-01 10:03:43', '2', '2'), ('8', 'PAK', '10', '2013-05-01 10:04:53', '2013-05-01 10:04:53', '2', '2'), ('8', 'BOX', '240', '2013-05-01 10:04:53', '2013-05-01 10:04:53', '2', '2'), ('8', 'PCS', '1', '2013-05-01 10:04:53', '2013-05-01 10:04:53', '2', '2'), ('13', 'PAK', '10', '2013-05-01 10:06:03', '2013-05-01 10:06:03', '2', '2'), ('13', 'BOX', '320', '2013-05-01 10:06:03', '2013-05-01 10:06:03', '2', '2'), ('13', 'PCS', '1', '2013-05-01 10:06:03', '2013-05-01 10:06:03', '2', '2'), ('20', 'PAK', '10', '2013-05-01 10:10:19', '2013-05-01 10:10:19', '2', '2'), ('20', 'BOX', '320', '2013-05-01 10:10:19', '2013-05-01 10:10:19', '2', '2'), ('20', 'PCS', '1', '2013-05-01 10:10:19', '2013-05-01 10:10:19', '2', '2'), ('21', 'PAK', '10', '2013-05-01 10:14:09', '2013-05-01 10:14:09', '2', '2'), ('21', 'BOX', '240', '2013-05-01 10:14:09', '2013-05-01 10:14:09', '2', '2'), ('21', 'PCS', '1', '2013-05-01 10:14:09', '2013-05-01 10:14:09', '2', '2'), ('22', 'PAK', '10', '2013-05-01 10:18:50', '2013-05-01 10:18:50', '2', '2'), ('22', 'BOX', '240', '2013-05-01 10:18:50', '2013-05-01 10:18:50', '2', '2'), ('22', 'PCS', '1', '2013-05-01 10:18:50', '2013-05-01 10:18:50', '2', '2'), ('23', 'PAK', '10', '2013-05-01 10:21:03', '2013-05-01 10:21:03', '2', '2'), ('23', 'BOX', '240', '2013-05-01 10:21:03', '2013-05-01 10:21:03', '2', '2'), ('23', 'PCS', '1', '2013-05-01 10:21:03', '2013-05-01 10:21:03', '2', '2'), ('24', 'PAK', '10', '2013-05-01 10:22:56', '2013-05-01 10:22:56', '2', '2'), ('24', 'BOX', '240', '2013-05-01 10:22:56', '2013-05-01 10:22:56', '2', '2'), ('24', 'PCS', '1', '2013-05-01 10:22:56', '2013-05-01 10:22:56', '2', '2'), ('25', 'PAK', '10', '2013-05-01 10:27:03', '2013-05-01 10:27:03', '2', '2'), ('25', 'BOX', '240', '2013-05-01 10:27:03', '2013-05-01 10:27:03', '2', '2'), ('25', 'PCS', '1', '2013-05-01 10:27:03', '2013-05-01 10:27:03', '2', '2'), ('26', 'PAK', '10', '2013-05-01 10:29:13', '2013-05-01 10:29:13', '2', '2'), ('26', 'BOX', '240', '2013-05-01 10:29:13', '2013-05-01 10:29:13', '2', '2'), ('26', 'PCS', '1', '2013-05-01 10:29:13', '2013-05-01 10:29:13', '2', '2'), ('27', 'PAK', '10', '2013-05-01 10:31:03', '2013-05-01 10:31:03', '2', '2'), ('27', 'BOX', '240', '2013-05-01 10:31:03', '2013-05-01 10:31:03', '2', '2'), ('27', 'PCS', '1', '2013-05-01 10:31:03', '2013-05-01 10:31:03', '2', '2'), ('28', 'PAK', '5', '2013-05-01 10:34:37', '2013-05-01 10:34:37', '2', '2'), ('28', 'BOX', '160', '2013-05-01 10:34:37', '2013-05-01 10:34:37', '2', '2'), ('28', 'PCS', '1', '2013-05-01 10:34:37', '2013-05-01 10:34:37', '2', '2'), ('29', 'PAK', '5', '2013-05-01 10:37:27', '2013-05-01 10:37:27', '2', '2'), ('29', 'BOX', '100', '2013-05-01 10:37:27', '2013-05-01 10:37:27', '2', '2'), ('29', 'PCS', '1', '2013-05-01 10:37:27', '2013-05-01 10:37:27', '2', '2'), ('30', 'PAK', '6', '2013-05-01 10:38:30', '2013-05-01 10:38:30', '2', '2'), ('30', 'BOX', '120', '2013-05-01 10:38:30', '2013-05-01 10:38:30', '2', '2'), ('30', 'PCS', '1', '2013-05-01 10:38:30', '2013-05-01 10:38:30', '2', '2'), ('31', 'PAK', '6', '2013-05-01 10:44:35', '2013-05-01 10:44:35', '2', '2'), ('31', 'BOX', '120', '2013-05-01 10:44:35', '2013-05-01 10:44:35', '2', '2'), ('31', 'PCS', '1', '2013-05-01 10:44:35', '2013-05-01 10:44:35', '2', '2'), ('32', 'PAK', '6', '2013-05-01 10:45:43', '2013-05-01 10:45:43', '2', '2'), ('32', 'BOX', '144', '2013-05-01 10:45:43', '2013-05-01 10:45:43', '2', '2'), ('32', 'PCS', '1', '2013-05-01 10:45:43', '2013-05-01 10:45:43', '2', '2'), ('33', 'PAK', '10', '2013-05-01 10:52:01', '2013-05-01 10:52:01', '2', '2'), ('33', 'BOX', '800', '2013-05-01 10:52:01', '2013-05-01 10:52:01', '2', '2'), ('33', 'PCS', '1', '2013-05-01 10:52:01', '2013-05-01 10:52:01', '2', '2'), ('34', 'PAK', '10', '2013-05-01 10:52:56', '2013-05-01 10:52:56', '2', '2'), ('34', 'BOX', '480', '2013-05-01 10:52:56', '2013-05-01 10:52:56', '2', '2'), ('34', 'PCS', '1', '2013-05-01 10:52:56', '2013-05-01 10:52:56', '2', '2'), ('35', 'PAK', '10', '2013-05-01 10:53:52', '2013-05-01 10:53:52', '2', '2'), ('35', 'BOX', '440', '2013-05-01 10:53:52', '2013-05-01 10:53:52', '2', '2'), ('35', 'PCS', '1', '2013-05-01 10:53:52', '2013-05-01 10:53:52', '2', '2'), ('36', 'PAK', '10', '2013-05-01 10:54:50', '2013-05-01 10:54:50', '2', '2'), ('36', 'BOX', '400', '2013-05-01 10:54:50', '2013-05-01 10:54:50', '2', '2'), ('36', 'PCS', '1', '2013-05-01 10:54:50', '2013-05-01 10:54:50', '2', '2'), ('37', 'PAK', '10', '2013-05-01 10:55:36', '2013-05-01 10:55:36', '2', '2'), ('37', 'BOX', '400', '2013-05-01 10:55:36', '2013-05-01 10:55:36', '2', '2'), ('37', 'PCS', '1', '2013-05-01 10:55:36', '2013-05-01 10:55:36', '2', '2'), ('38', 'PAK', '10', '2013-05-01 10:56:27', '2013-05-01 10:56:27', '2', '2'), ('38', 'BOX', '280', '2013-05-01 10:56:27', '2013-05-01 10:56:27', '2', '2'), ('38', 'PCS', '1', '2013-05-01 10:56:27', '2013-05-01 10:56:27', '2', '2'), ('39', 'PAK', '10', '2013-05-01 10:59:30', '2013-05-01 10:59:30', '2', '2'), ('39', 'BOX', '240', '2013-05-01 10:59:30', '2013-05-01 10:59:30', '2', '2'), ('39', 'PCS', '1', '2013-05-01 10:59:30', '2013-05-01 10:59:30', '2', '2'), ('40', 'PAK', '10', '2013-05-01 11:06:08', '2013-05-01 11:06:08', '2', '2'), ('40', 'BOX', '480', '2013-05-01 11:06:08', '2013-05-01 11:06:08', '2', '2'), ('40', 'PCS', '1', '2013-05-01 11:06:08', '2013-05-01 11:06:08', '2', '2'), ('41', 'PAK', '10', '2013-05-01 11:06:59', '2013-05-01 11:06:59', '2', '2'), ('41', 'BOX', '440', '2013-05-01 11:06:59', '2013-05-01 11:06:59', '2', '2'), ('41', 'PCS', '1', '2013-05-01 11:06:59', '2013-05-01 11:06:59', '2', '2'), ('42', 'PAK', '10', '2013-05-01 11:08:07', '2013-05-01 11:08:07', '2', '2'), ('42', 'BOX', '400', '2013-05-01 11:08:07', '2013-05-01 11:08:07', '2', '2'), ('42', 'PCS', '1', '2013-05-01 11:08:07', '2013-05-01 11:08:07', '2', '2'), ('43', 'PAK', '10', '2013-05-01 11:08:52', '2013-05-01 11:08:52', '2', '2'), ('43', 'BOX', '400', '2013-05-01 11:08:52', '2013-05-01 11:08:52', '2', '2'), ('43', 'PCS', '1', '2013-05-01 11:08:52', '2013-05-01 11:08:52', '2', '2'), ('44', 'PAK', '10', '2013-05-01 11:09:37', '2013-05-01 11:09:37', '2', '2'), ('44', 'BOX', '280', '2013-05-01 11:09:37', '2013-05-01 11:09:37', '2', '2'), ('44', 'PCS', '1', '2013-05-01 11:09:37', '2013-05-01 11:09:37', '2', '2'), ('45', 'PAK', '10', '2013-05-01 11:10:38', '2013-05-01 11:10:38', '2', '2'), ('45', 'BOX', '320', '2013-05-01 11:10:38', '2013-05-01 11:10:38', '2', '2'), ('45', 'PCS', '1', '2013-05-01 11:10:38', '2013-05-01 11:10:38', '2', '2'), ('46', 'PAK', '10', '2013-05-01 11:11:27', '2013-05-01 11:11:27', '2', '2'), ('46', 'BOX', '240', '2013-05-01 11:11:27', '2013-05-01 11:11:27', '2', '2'), ('46', 'PCS', '1', '2013-05-01 11:11:27', '2013-05-01 11:11:27', '2', '2'), ('47', 'PAK', '10', '2013-05-01 11:19:49', '2013-05-01 11:19:49', '2', '2'), ('47', 'BOX', '100', '2013-05-01 11:19:49', '2013-05-01 11:19:49', '2', '2'), ('47', 'PCS', '1', '2013-05-01 11:19:49', '2013-05-01 11:19:49', '2', '2'), ('48', 'PAK', '10', '2013-05-01 11:20:51', '2013-05-01 11:20:51', '2', '2'), ('48', 'BOX', '100', '2013-05-01 11:20:51', '2013-05-01 11:20:51', '2', '2'), ('48', 'PCS', '1', '2013-05-01 11:20:51', '2013-05-01 11:20:51', '2', '2'), ('49', 'PAK', '10', '2013-05-01 11:21:48', '2013-05-01 11:21:48', '2', '2'), ('49', 'BOX', '100', '2013-05-01 11:21:48', '2013-05-01 11:21:48', '2', '2'), ('49', 'PCS', '1', '2013-05-01 11:21:48', '2013-05-01 11:21:48', '2', '2'), ('50', 'PAK', '10', '2013-05-01 11:25:16', '2013-05-01 11:25:16', '2', '2'), ('50', 'BOX', '200', '2013-05-01 11:25:16', '2013-05-01 11:25:16', '2', '2'), ('50', 'PCS', '1', '2013-05-01 11:25:16', '2013-05-01 11:25:16', '2', '2'), ('51', 'PAK', '10', '2013-05-01 11:27:04', '2013-05-01 11:27:04', '2', '2'), ('51', 'BOX', '100', '2013-05-01 11:27:04', '2013-05-01 11:27:04', '2', '2'), ('51', 'PCS', '1', '2013-05-01 11:27:04', '2013-05-01 11:27:04', '2', '2'), ('52', 'PAK', '5', '2013-05-01 11:28:27', '2013-05-01 11:28:27', '2', '2'), ('52', 'BOX', '60', '2013-05-01 11:28:27', '2013-05-01 11:28:27', '2', '2'), ('52', 'PCS', '1', '2013-05-01 11:28:27', '2013-05-01 11:28:27', '2', '2'), ('53', 'PAK', '3', '2013-05-01 11:30:06', '2013-05-01 11:30:06', '2', '2'), ('53', 'BOX', '30', '2013-05-01 11:30:06', '2013-05-01 11:30:06', '2', '2'), ('53', 'PCS', '1', '2013-05-01 11:30:06', '2013-05-01 11:30:06', '2', '2'), ('54', 'BOX', '100', '2013-05-01 11:42:19', '2013-05-01 11:42:19', '2', '2'), ('54', 'PCS', '1', '2013-05-01 11:42:19', '2013-05-01 11:42:19', '2', '2'), ('55', 'BOX', '40', '2013-05-01 11:43:55', '2013-05-01 11:43:55', '2', '2'), ('55', 'PCS', '1', '2013-05-01 11:43:55', '2013-05-01 11:43:55', '2', '2'), ('56', 'BOX', '20', '2013-05-01 11:44:37', '2013-05-01 11:44:37', '2', '2'), ('56', 'PCS', '1', '2013-05-01 11:44:37', '2013-05-01 11:44:37', '2', '2'), ('57', 'PAK', '10', '2013-05-01 12:18:10', '2013-05-01 12:18:10', '2', '2'), ('57', 'BOX', '280', '2013-05-01 12:18:10', '2013-05-01 12:18:10', '2', '2'), ('57', 'PCS', '1', '2013-05-01 12:18:10', '2013-05-01 12:18:10', '2', '2'), ('58', 'PAK', '10', '2013-05-01 12:19:03', '2013-05-01 12:19:03', '2', '2'), ('58', 'BOX', '280', '2013-05-01 12:19:03', '2013-05-01 12:19:03', '2', '2'), ('58', 'PCS', '1', '2013-05-01 12:19:03', '2013-05-01 12:19:03', '2', '2'), ('59', 'PAK', '6', '2013-05-01 12:19:23', '2013-05-01 12:19:23', '2', '2'), ('59', 'BOX', '144', '2013-05-01 12:19:23', '2013-05-01 12:19:23', '2', '2'), ('59', 'PCS', '1', '2013-05-01 12:19:23', '2013-05-01 12:19:23', '2', '2'), ('60', 'PAK', '6', '2013-05-01 12:20:01', '2013-05-01 12:20:01', '2', '2'), ('60', 'BOX', '144', '2013-05-01 12:20:01', '2013-05-01 12:20:01', '2', '2'), ('60', 'PCS', '1', '2013-05-01 12:20:01', '2013-05-01 12:20:01', '2', '2'), ('61', 'PAK', '10', '2013-05-01 12:20:31', '2013-05-01 12:20:31', '2', '2'), ('61', 'BOX', '200', '2013-05-01 12:20:31', '2013-05-01 12:20:31', '2', '2'), ('61', 'PCS', '1', '2013-05-01 12:20:31', '2013-05-01 12:20:31', '2', '2'), ('62', 'PAK', '10', '2013-05-01 12:21:41', '2013-05-01 12:21:41', '2', '2'), ('62', 'BOX', '200', '2013-05-01 12:21:41', '2013-05-01 12:21:41', '2', '2'), ('62', 'PCS', '1', '2013-05-01 12:21:41', '2013-05-01 12:21:41', '2', '2'), ('63', 'PAK', '5', '2013-05-01 12:22:32', '2013-05-01 12:22:32', '2', '2'), ('63', 'BOX', '100', '2013-05-01 12:22:32', '2013-05-01 12:22:32', '2', '2'), ('63', 'PCS', '1', '2013-05-01 12:22:32', '2013-05-01 12:22:32', '2', '2'), ('64', 'PAK', '5', '2013-05-01 12:24:28', '2013-05-01 12:24:28', '2', '2'), ('64', 'BOX', '100', '2013-05-01 12:24:28', '2013-05-01 12:24:28', '2', '2'), ('64', 'PCS', '1', '2013-05-01 12:24:28', '2013-05-01 12:24:28', '2', '2'), ('65', 'PAK', '50', '2013-05-01 12:42:48', '2013-05-01 12:42:48', '2', '2'), ('65', 'BOX', '500', '2013-05-01 12:42:48', '2013-05-01 12:42:48', '2', '2'), ('65', 'PCS', '1', '2013-05-01 12:42:48', '2013-05-01 12:42:48', '2', '2'), ('66', 'PAK', '5', '2013-05-01 12:45:59', '2013-05-01 12:45:59', '2', '2'), ('66', 'BOX', '100', '2013-05-01 12:45:59', '2013-05-01 12:45:59', '2', '2'), ('66', 'PCS', '1', '2013-05-01 12:45:59', '2013-05-01 12:45:59', '2', '2'), ('67', 'PAK', '5', '2013-05-01 12:47:16', '2013-05-01 12:47:16', '2', '2'), ('67', 'BOX', '50', '2013-05-01 12:47:16', '2013-05-01 12:47:16', '2', '2'), ('67', 'PCS', '1', '2013-05-01 12:47:16', '2013-05-01 12:47:16', '2', '2'), ('68', 'BOX', '50', '2013-05-01 12:49:55', '2013-05-01 12:49:55', '2', '2'), ('68', 'PAK', '1', '2013-05-01 12:49:55', '2013-05-01 12:49:55', '2', '2'), ('70', 'BOX', '50', '2013-05-01 12:54:40', '2013-05-01 12:54:40', '2', '2'), ('70', 'PAK', '1', '2013-05-01 12:54:40', '2013-05-01 12:54:40', '2', '2'), ('69', 'BOX', '50', '2013-05-01 12:55:14', '2013-05-01 12:55:14', '2', '2'), ('69', 'PAK', '1', '2013-05-01 12:55:14', '2013-05-01 12:55:14', '2', '2'), ('71', 'BOX', '50', '2013-05-01 12:56:31', '2013-05-01 12:56:31', '2', '2'), ('71', 'PAK', '1', '2013-05-01 12:56:31', '2013-05-01 12:56:31', '2', '2'), ('72', 'BOX', '80', '2013-05-01 13:52:59', '2013-05-01 13:52:59', '2', '2'), ('72', 'PAK', '1', '2013-05-01 13:52:59', '2013-05-01 13:52:59', '2', '2'), ('73', 'BOX', '50', '2013-05-01 13:55:18', '2013-05-01 13:55:18', '2', '2'), ('73', 'PAK', '1', '2013-05-01 13:55:18', '2013-05-01 13:55:18', '2', '2'), ('74', 'BOX', '80', '2013-05-01 13:58:00', '2013-05-01 13:58:00', '2', '2'), ('74', 'PAK', '1', '2013-05-01 13:58:00', '2013-05-01 13:58:00', '2', '2'), ('75', 'BOX', '50', '2013-05-01 13:58:33', '2013-05-01 13:58:33', '2', '2'), ('75', 'PAK', '1', '2013-05-01 13:58:33', '2013-05-01 13:58:33', '2', '2'), ('76', 'BOX', '50', '2013-05-01 14:11:29', '2013-05-01 14:11:29', '2', '2'), ('76', 'PCS', '1', '2013-05-01 14:11:29', '2013-05-01 14:11:29', '2', '2'), ('77', 'BOX', '50', '2013-05-01 14:27:15', '2013-05-01 14:27:15', '2', '2'), ('77', 'PCS', '1', '2013-05-01 14:27:15', '2013-05-01 14:27:15', '2', '2'), ('78', 'BOX', '50', '2013-05-01 14:28:32', '2013-05-01 14:28:32', '2', '2'), ('78', 'PCS', '1', '2013-05-01 14:28:32', '2013-05-01 14:28:32', '2', '2'), ('79', 'BOX', '50', '2013-05-01 14:29:43', '2013-05-01 14:29:43', '2', '2'), ('79', 'PCS', '1', '2013-05-01 14:29:43', '2013-05-01 14:29:43', '2', '2'), ('80', 'BOX', '100', '2013-05-01 14:30:48', '2013-05-01 14:30:48', '2', '2'), ('80', 'PCS', '1', '2013-05-01 14:30:48', '2013-05-01 14:30:48', '2', '2'), ('81', 'BOX', '100', '2013-05-01 14:32:27', '2013-05-01 14:32:27', '2', '2'), ('81', 'PCS', '1', '2013-05-01 14:32:27', '2013-05-01 14:32:27', '2', '2'), ('82', 'BOX', '50', '2013-05-01 14:34:15', '2013-05-01 14:34:15', '2', '2'), ('82', 'PCS', '1', '2013-05-01 14:34:15', '2013-05-01 14:34:15', '2', '2'), ('83', 'BOX', '50', '2013-05-01 14:35:37', '2013-05-01 14:35:37', '2', '2'), ('83', 'PCS', '1', '2013-05-01 14:35:37', '2013-05-01 14:35:37', '2', '2'), ('84', 'BOX', '160', '2013-05-01 14:38:37', '2013-05-01 14:38:37', '2', '2'), ('84', 'PCS', '1', '2013-05-01 14:38:37', '2013-05-01 14:38:37', '2', '2'), ('85', 'BOX', '240', '2013-05-01 14:40:42', '2013-05-01 14:40:42', '2', '2'), ('85', 'PCS', '1', '2013-05-01 14:40:42', '2013-05-01 14:40:42', '2', '2'), ('86', 'BOX', '160', '2013-05-01 14:42:00', '2013-05-01 14:42:00', '2', '2'), ('86', 'PCS', '1', '2013-05-01 14:42:00', '2013-05-01 14:42:00', '2', '2'), ('87', 'BOX', '240', '2013-05-01 14:43:00', '2013-05-01 14:43:00', '2', '2'), ('87', 'PCS', '1', '2013-05-01 14:43:00', '2013-05-01 14:43:00', '2', '2'), ('88', 'BOX', '5', '2013-05-01 15:13:24', '2013-05-01 15:13:24', '2', '2'), ('88', 'RIM', '1', '2013-05-01 15:13:24', '2013-05-01 15:13:24', '2', '2'), ('89', 'BOX', '5', '2013-05-01 15:13:56', '2013-05-01 15:13:56', '2', '2'), ('89', 'RIM', '1', '2013-05-01 15:13:56', '2013-05-01 15:13:56', '2', '2'), ('90', 'BOX', '5', '2013-05-01 15:14:21', '2013-05-01 15:14:21', '2', '2'), ('90', 'RIM', '1', '2013-05-01 15:14:21', '2013-05-01 15:14:21', '2', '2'), ('91', 'BOX', '5', '2013-05-01 15:14:50', '2013-05-01 15:14:50', '2', '2'), ('91', 'RIM', '1', '2013-05-01 15:14:50', '2013-05-01 15:14:50', '2', '2'), ('92', 'BOX', '5', '2013-05-01 15:15:21', '2013-05-01 15:15:21', '2', '2'), ('92', 'RIM', '1', '2013-05-01 15:15:21', '2013-05-01 15:15:21', '2', '2'), ('93', 'BOX', '5', '2013-05-01 15:15:52', '2013-05-01 15:15:52', '2', '2'), ('93', 'RIM', '1', '2013-05-01 15:15:52', '2013-05-01 15:15:52', '2', '2'), ('94', 'BOX', '5', '2013-05-01 15:16:22', '2013-05-01 15:16:22', '2', '2'), ('94', 'RIM', '1', '2013-05-01 15:16:22', '2013-05-01 15:16:22', '2', '2'), ('95', 'BOX', '5', '2013-05-01 15:16:59', '2013-05-01 15:16:59', '2', '2'), ('95', 'RIM', '1', '2013-05-01 15:16:59', '2013-05-01 15:16:59', '2', '2'), ('96', 'BOX', '5', '2013-05-01 15:17:31', '2013-05-01 15:17:31', '2', '2'), ('96', 'RIM', '1', '2013-05-01 15:17:31', '2013-05-01 15:17:31', '2', '2'), ('97', 'BOX', '5', '2013-05-01 15:18:03', '2013-05-01 15:18:03', '2', '2'), ('97', 'RIM', '1', '2013-05-01 15:18:03', '2013-05-01 15:18:03', '2', '2'), ('98', 'BOX', '5', '2013-05-01 15:18:37', '2013-05-01 15:18:37', '2', '2'), ('98', 'RIM', '1', '2013-05-01 15:18:37', '2013-05-01 15:18:37', '2', '2'), ('99', 'BOX', '5', '2013-05-01 15:19:23', '2013-05-01 15:19:23', '2', '2'), ('99', 'RIM', '1', '2013-05-01 15:19:23', '2013-05-01 15:19:23', '2', '2'), ('104', 'PAK', '100', '2013-05-01 15:47:56', '2013-05-01 15:47:56', '2', '2'), ('104', 'BOX', '1000', '2013-05-01 15:47:56', '2013-05-01 15:47:56', '2', '2'), ('104', 'PCS', '1', '2013-05-01 15:47:56', '2013-05-01 15:47:56', '2', '2'), ('105', 'PAK', '100', '2013-05-01 15:48:36', '2013-05-01 15:48:36', '2', '2'), ('105', 'BOX', '1000', '2013-05-01 15:48:36', '2013-05-01 15:48:36', '2', '2'), ('105', 'PCS', '1', '2013-05-01 15:48:36', '2013-05-01 15:48:36', '2', '2'), ('106', 'PAK', '100', '2013-05-01 15:49:40', '2013-05-01 15:49:40', '2', '2'), ('106', 'BOX', '1000', '2013-05-01 15:49:40', '2013-05-01 15:49:40', '2', '2'), ('106', 'PCS', '1', '2013-05-01 15:49:40', '2013-05-01 15:49:40', '2', '2'), ('107', 'PAK', '100', '2013-05-01 15:50:39', '2013-05-01 15:50:39', '2', '2'), ('107', 'BOX', '1000', '2013-05-01 15:50:39', '2013-05-01 15:50:39', '2', '2'), ('107', 'PCS', '1', '2013-05-01 15:50:39', '2013-05-01 15:50:39', '2', '2'), ('108', 'PAK', '100', '2013-05-01 15:50:55', '2013-05-01 15:50:55', '2', '2'), ('108', 'BOX', '3000', '2013-05-01 15:50:55', '2013-05-01 15:50:55', '2', '2'), ('108', 'PCS', '1', '2013-05-01 15:50:55', '2013-05-01 15:50:55', '2', '2'), ('109', 'PAK', '100', '2013-05-01 15:51:29', '2013-05-01 15:51:29', '2', '2'), ('109', 'BOX', '5000', '2013-05-01 15:51:29', '2013-05-01 15:51:29', '2', '2'), ('109', 'PCS', '1', '2013-05-01 15:51:29', '2013-05-01 15:51:29', '2', '2'), ('110', 'PAK', '100', '2013-05-01 15:53:30', '2013-05-01 15:53:30', '2', '2'), ('110', 'BOX', '6000', '2013-05-01 15:53:30', '2013-05-01 15:53:30', '2', '2'), ('110', 'PCS', '1', '2013-05-01 15:53:30', '2013-05-01 15:53:30', '2', '2'), ('111', 'PAK', '100', '2013-05-01 15:54:42', '2013-05-01 15:54:42', '2', '2'), ('111', 'BOX', '3000', '2013-05-01 15:54:42', '2013-05-01 15:54:42', '2', '2'), ('111', 'PCS', '1', '2013-05-01 15:54:42', '2013-05-01 15:54:42', '2', '2'), ('112', 'PAK', '100', '2013-05-01 16:01:31', '2013-05-01 16:01:31', '2', '2'), ('112', 'BOX', '3000', '2013-05-01 16:01:31', '2013-05-01 16:01:31', '2', '2'), ('112', 'PCS', '1', '2013-05-01 16:01:31', '2013-05-01 16:01:31', '2', '2'), ('113', 'PAK', '100', '2013-05-01 16:02:51', '2013-05-01 16:02:51', '2', '2'), ('113', 'BOX', '5000', '2013-05-01 16:02:51', '2013-05-01 16:02:51', '2', '2'), ('113', 'PCS', '1', '2013-05-01 16:02:51', '2013-05-01 16:02:51', '2', '2'), ('114', 'PAK', '100', '2013-05-01 16:03:42', '2013-05-01 16:03:42', '2', '2'), ('114', 'BOX', '6000', '2013-05-01 16:03:42', '2013-05-01 16:03:42', '2', '2'), ('114', 'PCS', '1', '2013-05-01 16:03:42', '2013-05-01 16:03:42', '2', '2'), ('115', 'PAK', '100', '2013-05-01 16:13:06', '2013-05-01 16:13:06', '2', '2'), ('115', 'BOX', '3000', '2013-05-01 16:13:06', '2013-05-01 16:13:06', '2', '2'), ('115', 'PCS', '1', '2013-05-01 16:13:06', '2013-05-01 16:13:06', '2', '2'), ('116', 'PAK', '100', '2013-05-01 16:14:45', '2013-05-01 16:14:45', '2', '2'), ('116', 'BOX', '5000', '2013-05-01 16:14:45', '2013-05-01 16:14:45', '2', '2'), ('116', 'PCS', '1', '2013-05-01 16:14:45', '2013-05-01 16:14:45', '2', '2'), ('117', 'PAK', '100', '2013-05-01 16:15:32', '2013-05-01 16:15:32', '2', '2'), ('117', 'BOX', '4000', '2013-05-01 16:15:32', '2013-05-01 16:15:32', '2', '2'), ('117', 'PCS', '1', '2013-05-01 16:15:32', '2013-05-01 16:15:32', '2', '2'), ('118', 'PAK', '100', '2013-05-01 16:17:23', '2013-05-01 16:17:23', '2', '2'), ('118', 'BOX', '2100', '2013-05-01 16:17:23', '2013-05-01 16:17:23', '2', '2'), ('118', 'PCS', '1', '2013-05-01 16:17:23', '2013-05-01 16:17:23', '2', '2'), ('119', 'PAK', '100', '2013-05-01 16:18:34', '2013-05-01 16:18:34', '2', '2'), ('119', 'BOX', '1400', '2013-05-01 16:18:34', '2013-05-01 16:18:34', '2', '2'), ('119', 'PCS', '1', '2013-05-01 16:18:34', '2013-05-01 16:18:34', '2', '2'), ('120', 'PAK', '100', '2013-05-01 16:19:30', '2013-05-01 16:19:30', '2', '2'), ('120', 'BOX', '800', '2013-05-01 16:19:30', '2013-05-01 16:19:30', '2', '2'), ('120', 'PCS', '1', '2013-05-01 16:19:30', '2013-05-01 16:19:30', '2', '2'), ('121', 'PAK', '100', '2013-05-01 16:23:03', '2013-05-01 16:23:03', '2', '2'), ('121', 'BOX', '800', '2013-05-01 16:23:03', '2013-05-01 16:23:03', '2', '2'), ('121', 'PCS', '1', '2013-05-01 16:23:03', '2013-05-01 16:23:03', '2', '2'), ('122', 'PAK', '100', '2013-05-02 08:54:32', '2013-05-02 08:54:32', '2', '2'), ('122', 'BOX', '3000', '2013-05-02 08:54:32', '2013-05-02 08:54:32', '2', '2'), ('122', 'PCS', '1', '2013-05-02 08:54:32', '2013-05-02 08:54:32', '2', '2'), ('123', 'PAK', '100', '2013-05-02 08:54:50', '2013-05-02 08:54:50', '2', '2'), ('123', 'BOX', '3000', '2013-05-02 08:54:50', '2013-05-02 08:54:50', '2', '2'), ('123', 'PCS', '1', '2013-05-02 08:54:50', '2013-05-02 08:54:50', '2', '2'), ('124', 'PAK', '20', '2013-05-02 08:55:07', '2013-05-02 08:55:07', '2', '2'), ('124', 'BOX', '1000', '2013-05-02 08:55:07', '2013-05-02 08:55:07', '2', '2'), ('124', 'PCS', '1', '2013-05-02 08:55:07', '2013-05-02 08:55:07', '2', '2'), ('125', 'PAK', '100', '2013-05-02 08:55:29', '2013-05-02 08:55:29', '2', '2'), ('125', 'BOX', '5000', '2013-05-02 08:55:29', '2013-05-02 08:55:29', '2', '2'), ('125', 'PCS', '1', '2013-05-02 08:55:29', '2013-05-02 08:55:29', '2', '2'), ('126', 'PAK', '20', '2013-05-02 08:55:47', '2013-05-02 08:55:47', '2', '2'), ('126', 'BOX', '1000', '2013-05-02 08:55:47', '2013-05-02 08:55:47', '2', '2'), ('126', 'PCS', '1', '2013-05-02 08:55:47', '2013-05-02 08:55:47', '2', '2'), ('127', 'PAK', '100', '2013-05-02 08:56:06', '2013-05-02 08:56:06', '2', '2'), ('127', 'BOX', '4000', '2013-05-02 08:56:06', '2013-05-02 08:56:06', '2', '2'), ('127', 'PCS', '1', '2013-05-02 08:56:06', '2013-05-02 08:56:06', '2', '2'), ('128', 'PAK', '100', '2013-05-02 08:56:51', '2013-05-02 08:56:51', '2', '2'), ('128', 'BOX', '3000', '2013-05-02 08:56:51', '2013-05-02 08:56:51', '2', '2'), ('128', 'PCS', '1', '2013-05-02 08:56:51', '2013-05-02 08:56:51', '2', '2'), ('129', 'PAK', '100', '2013-05-02 08:57:41', '2013-05-02 08:57:41', '2', '2'), ('129', 'BOX', '5000', '2013-05-02 08:57:41', '2013-05-02 08:57:41', '2', '2'), ('129', 'PCS', '1', '2013-05-02 08:57:41', '2013-05-02 08:57:41', '2', '2'), ('130', 'PAK', '100', '2013-05-02 08:58:27', '2013-05-02 08:58:27', '2', '2'), ('130', 'BOX', '4000', '2013-05-02 08:58:27', '2013-05-02 08:58:27', '2', '2'), ('130', 'PCS', '1', '2013-05-02 08:58:27', '2013-05-02 08:58:27', '2', '2'), ('131', 'PAK', '10', '2013-05-02 09:25:40', '2013-05-02 09:25:40', '2', '2'), ('131', 'BOX', '1000', '2013-05-02 09:25:40', '2013-05-02 09:25:40', '2', '2'), ('131', 'PCS', '1', '2013-05-02 09:25:40', '2013-05-02 09:25:40', '2', '2'), ('132', 'PAK', '10', '2013-05-02 09:26:07', '2013-05-02 09:26:07', '2', '2'), ('132', 'BOX', '1000', '2013-05-02 09:26:07', '2013-05-02 09:26:07', '2', '2'), ('132', 'PCS', '1', '2013-05-02 09:26:07', '2013-05-02 09:26:07', '2', '2'), ('133', 'PAK', '10', '2013-05-02 09:26:25', '2013-05-02 09:26:25', '2', '2'), ('133', 'BOX', '1000', '2013-05-02 09:26:25', '2013-05-02 09:26:25', '2', '2'), ('133', 'PCS', '1', '2013-05-02 09:26:25', '2013-05-02 09:26:25', '2', '2'), ('134', 'PAK', '10', '2013-05-02 09:26:47', '2013-05-02 09:26:47', '2', '2'), ('134', 'BOX', '1000', '2013-05-02 09:26:47', '2013-05-02 09:26:47', '2', '2'), ('134', 'PCS', '1', '2013-05-02 09:26:47', '2013-05-02 09:26:47', '2', '2'), ('135', 'PAK', '10', '2013-05-02 09:27:47', '2013-05-02 09:27:47', '2', '2'), ('135', 'BOX', '1000', '2013-05-02 09:27:47', '2013-05-02 09:27:47', '2', '2'), ('135', 'PCS', '1', '2013-05-02 09:27:47', '2013-05-02 09:27:47', '2', '2'), ('136', 'PAK', '10', '2013-05-02 09:30:07', '2013-05-02 09:30:07', '2', '2'), ('136', 'BOX', '1000', '2013-05-02 09:30:07', '2013-05-02 09:30:07', '2', '2'), ('136', 'PCS', '1', '2013-05-02 09:30:07', '2013-05-02 09:30:07', '2', '2'), ('137', 'PAK', '10', '2013-05-02 09:33:20', '2013-05-02 09:33:20', '2', '2'), ('137', 'BOX', '2000', '2013-05-02 09:33:20', '2013-05-02 09:33:20', '2', '2'), ('137', 'PCS', '1', '2013-05-02 09:33:20', '2013-05-02 09:33:20', '2', '2'), ('138', 'PAK', '10', '2013-05-02 09:45:30', '2013-05-02 09:45:30', '2', '2'), ('138', 'BOX', '2000', '2013-05-02 09:45:30', '2013-05-02 09:45:30', '2', '2'), ('138', 'PCS', '1', '2013-05-02 09:45:30', '2013-05-02 09:45:30', '2', '2'), ('139', 'PAK', '10', '2013-05-02 09:46:06', '2013-05-02 09:46:06', '2', '2'), ('139', 'BOX', '2000', '2013-05-02 09:46:06', '2013-05-02 09:46:06', '2', '2'), ('139', 'PCS', '1', '2013-05-02 09:46:06', '2013-05-02 09:46:06', '2', '2'), ('140', 'PAK', '10', '2013-05-02 09:46:29', '2013-05-02 09:46:29', '2', '2'), ('140', 'BOX', '2000', '2013-05-02 09:46:29', '2013-05-02 09:46:29', '2', '2'), ('140', 'PCS', '1', '2013-05-02 09:46:29', '2013-05-02 09:46:29', '2', '2'), ('141', 'PAK', '10', '2013-05-02 09:46:53', '2013-05-02 09:46:53', '2', '2'), ('141', 'BOX', '1000', '2013-05-02 09:46:53', '2013-05-02 09:46:53', '2', '2'), ('141', 'PCS', '1', '2013-05-02 09:46:53', '2013-05-02 09:46:53', '2', '2'), ('142', 'PCS', '1', '2013-05-02 09:47:30', '2013-05-02 09:47:30', '2', '2'), ('143', 'PAK', '10', '2013-05-02 09:49:13', '2013-05-02 09:49:13', '2', '2'), ('143', 'BOX', '1000', '2013-05-02 09:49:13', '2013-05-02 09:49:13', '2', '2'), ('143', 'PCS', '1', '2013-05-02 09:49:13', '2013-05-02 09:49:13', '2', '2'), ('144', 'PAK', '10', '2013-05-02 09:50:39', '2013-05-02 09:50:39', '2', '2'), ('144', 'BOX', '200', '2013-05-02 09:50:39', '2013-05-02 09:50:39', '2', '2'), ('144', 'PCS', '1', '2013-05-02 09:50:39', '2013-05-02 09:50:39', '2', '2'), ('145', 'PAK', '10', '2013-05-02 09:51:58', '2013-05-02 09:51:58', '2', '2'), ('145', 'BOX', '400', '2013-05-02 09:51:58', '2013-05-02 09:51:58', '2', '2'), ('145', 'PCS', '1', '2013-05-02 09:51:58', '2013-05-02 09:51:58', '2', '2'), ('146', 'PAK', '10', '2013-05-02 09:53:44', '2013-05-02 09:53:44', '2', '2'), ('146', 'BOX', '200', '2013-05-02 09:53:44', '2013-05-02 09:53:44', '2', '2'), ('146', 'PCS', '1', '2013-05-02 09:53:44', '2013-05-02 09:53:44', '2', '2'), ('147', 'PAK', '10', '2013-05-02 09:55:02', '2013-05-02 09:55:02', '2', '2'), ('147', 'BOX', '200', '2013-05-02 09:55:02', '2013-05-02 09:55:02', '2', '2'), ('147', 'PCS', '1', '2013-05-02 09:55:02', '2013-05-02 09:55:02', '2', '2'), ('148', 'PAK', '10', '2013-05-02 09:56:23', '2013-05-02 09:56:23', '2', '2'), ('148', 'BOX', '200', '2013-05-02 09:56:23', '2013-05-02 09:56:23', '2', '2'), ('148', 'PCS', '1', '2013-05-02 09:56:23', '2013-05-02 09:56:23', '2', '2'), ('149', 'PAK', '10', '2013-05-02 09:57:51', '2013-05-02 09:57:51', '2', '2'), ('149', 'BOX', '400', '2013-05-02 09:57:51', '2013-05-02 09:57:51', '2', '2'), ('149', 'PCS', '1', '2013-05-02 09:57:51', '2013-05-02 09:57:51', '2', '2'), ('150', 'PAK', '10', '2013-05-02 09:59:22', '2013-05-02 09:59:22', '2', '2'), ('150', 'BOX', '200', '2013-05-02 09:59:22', '2013-05-02 09:59:22', '2', '2'), ('150', 'PCS', '1', '2013-05-02 09:59:22', '2013-05-02 09:59:22', '2', '2'), ('151', 'PAK', '10', '2013-05-02 10:01:39', '2013-05-02 10:01:39', '2', '2'), ('151', 'BOX', '200', '2013-05-02 10:01:39', '2013-05-02 10:01:39', '2', '2'), ('151', 'PCS', '1', '2013-05-02 10:01:39', '2013-05-02 10:01:39', '2', '2'), ('152', 'PAK', '10', '2013-05-02 10:05:59', '2013-05-02 10:05:59', '2', '2'), ('152', 'BOX', '200', '2013-05-02 10:05:59', '2013-05-02 10:05:59', '2', '2'), ('152', 'PCS', '1', '2013-05-02 10:05:59', '2013-05-02 10:05:59', '2', '2'), ('153', 'PAK', '5', '2013-05-02 10:19:09', '2013-05-02 10:19:09', '2', '2'), ('153', 'BOX', '80', '2013-05-02 10:19:09', '2013-05-02 10:19:09', '2', '2'), ('153', 'PCS', '1', '2013-05-02 10:19:09', '2013-05-02 10:19:09', '2', '2'), ('154', 'PAK', '5', '2013-05-02 10:21:30', '2013-05-02 10:21:30', '2', '2'), ('154', 'BOX', '100', '2013-05-02 10:21:30', '2013-05-02 10:21:30', '2', '2'), ('154', 'PCS', '1', '2013-05-02 10:21:30', '2013-05-02 10:21:30', '2', '2'), ('155', 'PAK', '5', '2013-05-02 10:22:31', '2013-05-02 10:22:31', '2', '2'), ('155', 'BOX', '50', '2013-05-02 10:22:31', '2013-05-02 10:22:31', '2', '2'), ('155', 'PCS', '1', '2013-05-02 10:22:31', '2013-05-02 10:22:31', '2', '2'), ('156', 'PAK', '5', '2013-05-02 10:23:35', '2013-05-02 10:23:35', '2', '2'), ('156', 'BOX', '100', '2013-05-02 10:23:35', '2013-05-02 10:23:35', '2', '2'), ('156', 'PCS', '1', '2013-05-02 10:23:35', '2013-05-02 10:23:35', '2', '2'), ('157', 'PAK', '5', '2013-05-02 10:25:09', '2013-05-02 10:25:09', '2', '2'), ('157', 'BOX', '200', '2013-05-02 10:25:09', '2013-05-02 10:25:09', '2', '2'), ('157', 'PCS', '1', '2013-05-02 10:25:09', '2013-05-02 10:25:09', '2', '2'), ('158', 'PAK', '3', '2013-05-02 10:26:20', '2013-05-02 10:26:20', '2', '2'), ('158', 'BOX', '60', '2013-05-02 10:26:20', '2013-05-02 10:26:20', '2', '2'), ('158', 'PCS', '1', '2013-05-02 10:26:20', '2013-05-02 10:26:20', '2', '2'), ('159', 'PAK', '3', '2013-05-02 10:27:35', '2013-05-02 10:27:35', '2', '2'), ('159', 'BOX', '30', '2013-05-02 10:27:35', '2013-05-02 10:27:35', '2', '2'), ('159', 'PCS', '1', '2013-05-02 10:27:35', '2013-05-02 10:27:35', '2', '2'), ('160', 'PAK', '2', '2013-05-02 10:28:48', '2013-05-02 10:28:48', '2', '2'), ('160', 'BOX', '40', '2013-05-02 10:28:48', '2013-05-02 10:28:48', '2', '2'), ('160', 'PCS', '1', '2013-05-02 10:28:48', '2013-05-02 10:28:48', '2', '2'), ('161', 'PAK', '2', '2013-05-02 10:35:27', '2013-05-02 10:35:27', '2', '2'), ('161', 'BOX', '20', '2013-05-02 10:35:27', '2013-05-02 10:35:27', '2', '2'), ('161', 'PCS', '1', '2013-05-02 10:35:27', '2013-05-02 10:35:27', '2', '2'), ('100', 'PAK', '100', '2013-05-02 10:51:01', '2013-05-02 10:51:01', '2', '2'), ('100', 'BOX', '1000', '2013-05-02 10:51:01', '2013-05-02 10:51:01', '2', '2'), ('100', 'PCS', '1', '2013-05-02 10:51:01', '2013-05-02 10:51:01', '2', '2'), ('101', 'PAK', '100', '2013-05-02 10:53:31', '2013-05-02 10:53:31', '2', '2'), ('101', 'BOX', '1000', '2013-05-02 10:53:31', '2013-05-02 10:53:31', '2', '2'), ('101', 'PCS', '1', '2013-05-02 10:53:31', '2013-05-02 10:53:31', '2', '2'), ('102', 'PAK', '100', '2013-05-02 10:57:11', '2013-05-02 10:57:11', '2', '2'), ('102', 'BOX', '1000', '2013-05-02 10:57:11', '2013-05-02 10:57:11', '2', '2'), ('102', 'PCS', '1', '2013-05-02 10:57:11', '2013-05-02 10:57:11', '2', '2'), ('103', 'PAK', '100', '2013-05-02 11:08:03', '2013-05-02 11:08:03', '2', '2'), ('103', 'BOX', '1000', '2013-05-02 11:08:03', '2013-05-02 11:08:03', '2', '2'), ('103', 'PCS', '1', '2013-05-02 11:08:03', '2013-05-02 11:08:03', '2', '2'), ('162', 'PAK', '25', '2013-05-03 15:02:47', '2013-05-03 15:02:47', '2', '2'), ('162', 'BOX', '600', '2013-05-03 15:02:47', '2013-05-03 15:02:47', '2', '2'), ('162', 'PCS', '1', '2013-05-03 15:02:47', '2013-05-03 15:02:47', '2', '2'), ('163', 'PAK', '10', '2013-05-03 15:03:56', '2013-05-03 15:03:56', '2', '2'), ('163', 'BOX', '200', '2013-05-03 15:03:56', '2013-05-03 15:03:56', '2', '2'), ('163', 'PCS', '1', '2013-05-03 15:03:56', '2013-05-03 15:03:56', '2', '2'), ('164', 'PAK', '20', '2013-05-03 15:07:10', '2013-05-03 15:07:10', '2', '2'), ('164', 'BOX', '200', '2013-05-03 15:07:10', '2013-05-03 15:07:10', '2', '2'), ('164', 'PCS', '1', '2013-05-03 15:07:10', '2013-05-03 15:07:10', '2', '2'), ('165', 'PAK', '10', '2013-05-03 15:08:11', '2013-05-03 15:08:11', '2', '2'), ('165', 'BOX', '200', '2013-05-03 15:08:11', '2013-05-03 15:08:11', '2', '2'), ('165', 'PCS', '1', '2013-05-03 15:08:11', '2013-05-03 15:08:11', '2', '2'), ('166', 'PAK', '10', '2013-05-03 15:10:02', '2013-05-03 15:10:02', '2', '2'), ('166', 'BOX', '100', '2013-05-03 15:10:02', '2013-05-03 15:10:02', '2', '2'), ('166', 'PCS', '1', '2013-05-03 15:10:02', '2013-05-03 15:10:02', '2', '2'), ('167', 'PAK', '5', '2013-05-03 15:11:26', '2013-05-03 15:11:26', '2', '2'), ('167', 'BOX', '200', '2013-05-03 15:11:26', '2013-05-03 15:11:26', '2', '2'), ('167', 'PCS', '1', '2013-05-03 15:11:26', '2013-05-03 15:11:26', '2', '2'), ('168', 'PAK', '5', '2013-05-03 15:12:22', '2013-05-03 15:12:22', '2', '2'), ('168', 'BOX', '100', '2013-05-03 15:12:22', '2013-05-03 15:12:22', '2', '2'), ('168', 'PCS', '1', '2013-05-03 15:12:22', '2013-05-03 15:12:22', '2', '2'), ('169', 'PAK', '5', '2013-05-03 15:13:53', '2013-05-03 15:13:53', '2', '2'), ('169', 'BOX', '100', '2013-05-03 15:13:53', '2013-05-03 15:13:53', '2', '2'), ('169', 'PCS', '1', '2013-05-03 15:13:53', '2013-05-03 15:13:53', '2', '2'), ('170', 'PAK', '5', '2013-05-03 15:14:39', '2013-05-03 15:14:39', '2', '2'), ('170', 'BOX', '200', '2013-05-03 15:14:39', '2013-05-03 15:14:39', '2', '2'), ('170', 'PCS', '1', '2013-05-03 15:14:39', '2013-05-03 15:14:39', '2', '2'), ('171', 'PAK', '50', '2013-05-03 15:17:50', '2013-05-03 15:17:50', '2', '2'), ('171', 'BOX', '500', '2013-05-03 15:17:50', '2013-05-03 15:17:50', '2', '2'), ('171', 'PCS', '1', '2013-05-03 15:17:50', '2013-05-03 15:17:50', '2', '2'), ('172', 'PAK', '50', '2013-05-03 15:20:30', '2013-05-03 15:20:30', '2', '2'), ('172', 'BOX', '500', '2013-05-03 15:20:30', '2013-05-03 15:20:30', '2', '2'), ('172', 'PCS', '1', '2013-05-03 15:20:30', '2013-05-03 15:20:30', '2', '2'), ('173', 'PAK', '50', '2013-05-03 15:22:09', '2013-05-03 15:22:09', '2', '2'), ('173', 'BOX', '500', '2013-05-03 15:22:09', '2013-05-03 15:22:09', '2', '2'), ('173', 'PCS', '1', '2013-05-03 15:22:09', '2013-05-03 15:22:09', '2', '2'), ('174', 'BOX', '100', '2013-05-03 15:23:41', '2013-05-03 15:23:41', '2', '2'), ('174', 'PCS', '1', '2013-05-03 15:23:41', '2013-05-03 15:23:41', '2', '2'), ('175', 'PAK', '3', '2013-05-03 15:26:26', '2013-05-03 15:26:26', '2', '2'), ('175', 'BOX', '300', '2013-05-03 15:26:26', '2013-05-03 15:26:26', '2', '2'), ('175', 'PCS', '1', '2013-05-03 15:26:26', '2013-05-03 15:26:26', '2', '2'), ('176', 'PAK', '50', '2013-05-03 15:30:07', '2013-05-03 15:30:07', '2', '2'), ('176', 'BOX', '500', '2013-05-03 15:30:07', '2013-05-03 15:30:07', '2', '2'), ('176', 'PCS', '1', '2013-05-03 15:30:07', '2013-05-03 15:30:07', '2', '2'), ('177', 'BOX', '400', '2013-05-03 15:46:08', '2013-05-03 15:46:08', '2', '2'), ('177', 'PAK', '1', '2013-05-03 15:46:08', '2013-05-03 15:46:08', '2', '2'), ('178', 'BOX', '400', '2013-05-03 15:46:20', '2013-05-03 15:46:20', '2', '2'), ('178', 'PAK', '1', '2013-05-03 15:46:20', '2013-05-03 15:46:20', '2', '2'), ('179', 'BOX', '400', '2013-05-03 15:46:30', '2013-05-03 15:46:30', '2', '2'), ('179', 'PAK', '1', '2013-05-03 15:46:30', '2013-05-03 15:46:30', '2', '2'), ('180', 'BOX', '100', '2013-05-03 15:46:40', '2013-05-03 15:46:40', '2', '2'), ('180', 'PAK', '1', '2013-05-03 15:46:40', '2013-05-03 15:46:40', '2', '2'), ('181', 'BOX', '200', '2013-05-03 15:46:52', '2013-05-03 15:46:52', '2', '2'), ('181', 'PAK', '1', '2013-05-03 15:46:52', '2013-05-03 15:46:52', '2', '2'), ('182', 'BOX', '120', '2013-05-03 15:47:55', '2013-05-03 15:47:55', '2', '2'), ('182', 'PAK', '1', '2013-05-03 15:47:55', '2013-05-03 15:47:55', '2', '2'), ('183', 'BOX', '120', '2013-05-03 15:49:06', '2013-05-03 15:49:06', '2', '2'), ('183', 'PAK', '1', '2013-05-03 15:49:06', '2013-05-03 15:49:06', '2', '2'), ('184', 'BOX', '120', '2013-05-03 15:49:54', '2013-05-03 15:49:54', '2', '2'), ('184', 'PAK', '1', '2013-05-03 15:49:54', '2013-05-03 15:49:54', '2', '2'), ('185', 'BOX', '600', '2013-05-03 15:51:43', '2013-05-03 15:51:43', '2', '2'), ('185', 'PAK', '1', '2013-05-03 15:51:43', '2013-05-03 15:51:43', '2', '2'), ('186', 'BOX', '300', '2013-05-03 15:53:44', '2013-05-03 15:53:44', '2', '2'), ('186', 'PAK', '1', '2013-05-03 15:53:44', '2013-05-03 15:53:44', '2', '2'), ('187', 'BOX', '300', '2013-05-03 15:54:26', '2013-05-03 15:54:26', '2', '2'), ('187', 'PAK', '1', '2013-05-03 15:54:26', '2013-05-03 15:54:26', '2', '2'), ('188', 'BOX', '150', '2013-05-03 15:55:22', '2013-05-03 15:55:22', '2', '2'), ('188', 'PAK', '1', '2013-05-03 15:55:22', '2013-05-03 15:55:22', '2', '2'), ('189', 'BOX', '120', '2013-05-03 15:56:13', '2013-05-03 15:56:13', '2', '2'), ('189', 'PAK', '1', '2013-05-03 15:56:13', '2013-05-03 15:56:13', '2', '2'), ('190', 'BOX', '50', '2013-05-03 16:04:18', '2013-05-03 16:04:18', '2', '2'), ('190', 'PAK', '1', '2013-05-03 16:04:18', '2013-05-03 16:04:18', '2', '2'), ('191', 'BOX', '50', '2013-05-03 16:07:56', '2013-05-03 16:07:56', '2', '2'), ('191', 'PAK', '1', '2013-05-03 16:07:56', '2013-05-03 16:07:56', '2', '2'), ('192', 'BOX', '50', '2013-05-03 16:08:53', '2013-05-03 16:08:53', '2', '2'), ('192', 'PAK', '1', '2013-05-03 16:08:53', '2013-05-03 16:08:53', '2', '2'), ('193', 'BOX', '50', '2013-05-03 16:09:33', '2013-05-03 16:09:33', '2', '2'), ('193', 'PAK', '1', '2013-05-03 16:09:33', '2013-05-03 16:09:33', '2', '2'), ('194', 'BOX', '50', '2013-05-03 16:12:22', '2013-05-03 16:12:22', '2', '2'), ('194', 'PAK', '1', '2013-05-03 16:12:22', '2013-05-03 16:12:22', '2', '2'), ('195', 'BOX', '50', '2013-05-03 16:13:10', '2013-05-03 16:13:10', '2', '2'), ('195', 'PAK', '1', '2013-05-03 16:13:10', '2013-05-03 16:13:10', '2', '2'), ('196', 'BOX', '50', '2013-05-03 16:13:55', '2013-05-03 16:13:55', '2', '2'), ('196', 'PAK', '1', '2013-05-03 16:13:55', '2013-05-03 16:13:55', '2', '2'), ('197', 'BOX', '50', '2013-05-03 16:14:38', '2013-05-03 16:14:38', '2', '2'), ('197', 'PAK', '1', '2013-05-03 16:14:38', '2013-05-03 16:14:38', '2', '2'), ('198', 'BOX', '100', '2013-05-03 16:17:08', '2013-05-03 16:17:08', '2', '2'), ('198', 'PAK', '1', '2013-05-03 16:17:08', '2013-05-03 16:17:08', '2', '2'), ('199', 'BOX', '100', '2013-05-03 16:17:47', '2013-05-03 16:17:47', '2', '2'), ('199', 'PAK', '1', '2013-05-03 16:17:47', '2013-05-03 16:17:47', '2', '2'), ('200', 'PAK', '1', '2013-05-03 16:18:51', '2013-05-03 16:18:51', '2', '2'), ('201', 'BOX', '100', '2013-05-03 16:19:44', '2013-05-03 16:19:44', '2', '2'), ('201', 'PAK', '1', '2013-05-03 16:19:44', '2013-05-03 16:19:44', '2', '2'), ('202', 'BOX', '100', '2013-05-03 16:20:53', '2013-05-03 16:20:53', '2', '2'), ('202', 'PAK', '1', '2013-05-03 16:20:53', '2013-05-03 16:20:53', '2', '2'), ('203', 'BOX', '50', '2013-05-03 16:22:06', '2013-05-03 16:22:06', '2', '2'), ('203', 'PAK', '1', '2013-05-03 16:22:06', '2013-05-03 16:22:06', '2', '2'), ('204', 'BOX', '50', '2013-05-03 16:22:47', '2013-05-03 16:22:47', '2', '2'), ('204', 'PAK', '1', '2013-05-03 16:22:47', '2013-05-03 16:22:47', '2', '2'), ('205', 'BOX', '50', '2013-05-03 16:23:23', '2013-05-03 16:23:23', '2', '2'), ('205', 'PAK', '1', '2013-05-03 16:23:23', '2013-05-03 16:23:23', '2', '2'), ('206', 'BOX', '50', '2013-05-03 16:24:01', '2013-05-03 16:24:01', '2', '2'), ('206', 'PAK', '1', '2013-05-03 16:24:01', '2013-05-03 16:24:01', '2', '2'), ('207', 'BOX', '50', '2013-05-03 16:24:52', '2013-05-03 16:24:52', '2', '2'), ('207', 'PAK', '1', '2013-05-03 16:24:52', '2013-05-03 16:24:52', '2', '2'), ('208', 'BOX', '50', '2013-05-03 16:25:45', '2013-05-03 16:25:45', '2', '2'), ('208', 'PAK', '1', '2013-05-03 16:25:45', '2013-05-03 16:25:45', '2', '2'), ('209', 'BOX', '50', '2013-05-03 16:26:25', '2013-05-03 16:26:25', '2', '2'), ('209', 'PAK', '1', '2013-05-03 16:26:25', '2013-05-03 16:26:25', '2', '2'), ('210', 'BOX', '50', '2013-05-03 16:27:02', '2013-05-03 16:27:02', '2', '2'), ('210', 'PAK', '1', '2013-05-03 16:27:02', '2013-05-03 16:27:02', '2', '2'), ('211', 'BOX', '50', '2013-05-03 16:28:12', '2013-05-03 16:28:12', '2', '2'), ('211', 'PAK', '1', '2013-05-03 16:28:12', '2013-05-03 16:28:12', '2', '2'), ('212', 'BOX', '50', '2013-05-03 16:29:07', '2013-05-03 16:29:07', '2', '2'), ('212', 'PAK', '1', '2013-05-03 16:29:07', '2013-05-03 16:29:07', '2', '2'), ('213', 'BOX', '25', '2013-05-03 16:29:56', '2013-05-03 16:29:56', '2', '2'), ('213', 'PAK', '1', '2013-05-03 16:29:56', '2013-05-03 16:29:56', '2', '2'), ('214', 'BOX', '25', '2013-05-03 16:30:43', '2013-05-03 16:30:43', '2', '2'), ('214', 'PAK', '1', '2013-05-03 16:30:43', '2013-05-03 16:30:43', '2', '2'), ('215', 'BOX', '25', '2013-05-03 16:31:25', '2013-05-03 16:31:25', '2', '2'), ('215', 'PAK', '1', '2013-05-03 16:31:25', '2013-05-03 16:31:25', '2', '2'), ('216', 'BOX', '25', '2013-05-03 16:31:58', '2013-05-03 16:31:58', '2', '2'), ('216', 'PAK', '1', '2013-05-03 16:31:58', '2013-05-03 16:31:58', '2', '2'), ('217', 'BOX', '25', '2013-05-03 16:32:39', '2013-05-03 16:32:39', '2', '2'), ('217', 'PAK', '1', '2013-05-03 16:32:39', '2013-05-03 16:32:39', '2', '2'), ('218', 'PAK', '10', '2013-05-06 08:30:31', '2013-05-06 08:30:31', '2', '2'), ('218', 'BOX', '480', '2013-05-06 08:30:31', '2013-05-06 08:30:31', '2', '2'), ('218', 'PCS', '1', '2013-05-06 08:30:31', '2013-05-06 08:30:31', '2', '2'), ('219', 'PAK', '20', '2013-05-06 08:31:56', '2013-05-06 08:31:56', '2', '2'), ('219', 'BOX', '960', '2013-05-06 08:31:56', '2013-05-06 08:31:56', '2', '2'), ('219', 'PCS', '1', '2013-05-06 08:31:56', '2013-05-06 08:31:56', '2', '2'), ('220', 'PAK', '5', '2013-05-06 08:34:06', '2013-05-06 08:34:06', '2', '2'), ('220', 'BOX', '120', '2013-05-06 08:34:06', '2013-05-06 08:34:06', '2', '2'), ('220', 'PCS', '1', '2013-05-06 08:34:06', '2013-05-06 08:34:06', '2', '2'), ('221', 'PAK', '5', '2013-05-06 08:35:50', '2013-05-06 08:35:50', '2', '2'), ('221', 'BOX', '240', '2013-05-06 08:35:50', '2013-05-06 08:35:50', '2', '2'), ('221', 'PCS', '1', '2013-05-06 08:35:50', '2013-05-06 08:35:50', '2', '2'), ('222', 'PAK', '5', '2013-05-06 08:37:12', '2013-05-06 08:37:12', '2', '2'), ('222', 'BOX', '60', '2013-05-06 08:37:12', '2013-05-06 08:37:12', '2', '2'), ('222', 'PCS', '1', '2013-05-06 08:37:12', '2013-05-06 08:37:12', '2', '2'), ('223', 'PAK', '5', '2013-05-06 08:39:15', '2013-05-06 08:39:15', '2', '2'), ('223', 'BOX', '60', '2013-05-06 08:39:15', '2013-05-06 08:39:15', '2', '2'), ('223', 'PCS', '1', '2013-05-06 08:39:15', '2013-05-06 08:39:15', '2', '2'), ('224', 'BOX', '26', '2013-05-06 08:41:31', '2013-05-06 08:41:31', '2', '2'), ('224', 'PCS', '1', '2013-05-06 08:41:31', '2013-05-06 08:41:31', '2', '2'), ('225', 'BOX', '26', '2013-05-06 08:47:29', '2013-05-06 08:47:29', '2', '2'), ('225', 'PCS', '1', '2013-05-06 08:47:29', '2013-05-06 08:47:29', '2', '2'), ('226', 'BOX', '26', '2013-05-06 08:48:34', '2013-05-06 08:48:34', '2', '2'), ('226', 'PCS', '1', '2013-05-06 08:48:34', '2013-05-06 08:48:34', '2', '2'), ('227', 'BOX', '26', '2013-05-06 08:52:49', '2013-05-06 08:52:49', '2', '2'), ('227', 'PCS', '1', '2013-05-06 08:52:49', '2013-05-06 08:52:49', '2', '2'), ('228', 'BOX', '26', '2013-05-06 08:57:41', '2013-05-06 08:57:41', '2', '2'), ('228', 'PCS', '1', '2013-05-06 08:57:41', '2013-05-06 08:57:41', '2', '2'), ('229', 'BOX', '26', '2013-05-06 08:58:46', '2013-05-06 08:58:46', '2', '2'), ('229', 'PCS', '1', '2013-05-06 08:58:46', '2013-05-06 08:58:46', '2', '2'), ('230', 'BOX', '26', '2013-05-06 09:00:34', '2013-05-06 09:00:34', '2', '2'), ('230', 'PCS', '1', '2013-05-06 09:00:34', '2013-05-06 09:00:34', '2', '2'), ('231', 'BOX', '26', '2013-05-06 09:04:17', '2013-05-06 09:04:17', '2', '2'), ('231', 'PCS', '1', '2013-05-06 09:04:17', '2013-05-06 09:04:17', '2', '2'), ('232', 'BOX', '26', '2013-05-06 09:05:00', '2013-05-06 09:05:00', '2', '2'), ('232', 'PCS', '1', '2013-05-06 09:05:00', '2013-05-06 09:05:00', '2', '2'), ('233', 'BOX', '26', '2013-05-06 09:05:47', '2013-05-06 09:05:47', '2', '2'), ('233', 'PCS', '1', '2013-05-06 09:05:47', '2013-05-06 09:05:47', '2', '2'), ('234', 'BOX', '26', '2013-05-06 09:06:37', '2013-05-06 09:06:37', '2', '2'), ('234', 'PCS', '1', '2013-05-06 09:06:37', '2013-05-06 09:06:37', '2', '2'), ('235', 'BOX', '26', '2013-05-06 09:07:51', '2013-05-06 09:07:51', '2', '2'), ('235', 'PCS', '1', '2013-05-06 09:07:51', '2013-05-06 09:07:51', '2', '2'), ('236', 'BOX', '1', '2013-05-06 09:19:53', '2013-05-06 09:19:53', '2', '2'), ('237', 'BOX', '1', '2013-05-06 09:21:45', '2013-05-06 09:21:45', '2', '2'), ('238', 'BOX', '1', '2013-05-06 09:23:12', '2013-05-06 09:23:12', '2', '2'), ('239', 'BOX', '1', '2013-05-06 09:25:18', '2013-05-06 09:25:18', '2', '2'), ('240', 'BOX', '1', '2013-05-06 09:30:59', '2013-05-06 09:30:59', '2', '2'), ('241', 'BOX', '1', '2013-05-06 09:33:15', '2013-05-06 09:33:15', '2', '2'), ('242', 'BOX', '1', '2013-05-06 09:33:55', '2013-05-06 09:33:55', '2', '2'), ('243', 'BOX', '1', '2013-05-06 09:36:11', '2013-05-06 09:36:11', '2', '2'), ('244', 'BOX', '1', '2013-05-06 09:37:08', '2013-05-06 09:37:08', '2', '2'), ('245', 'BOX', '1', '2013-05-06 09:48:40', '2013-05-06 09:48:40', '2', '2'), ('246', 'BOX', '1', '2013-05-06 09:49:58', '2013-05-06 09:49:58', '2', '2'), ('247', 'BOX', '1', '2013-05-06 09:51:19', '2013-05-06 09:51:19', '2', '2'), ('248', 'BOX', '1', '2013-05-06 09:58:43', '2013-05-06 09:58:43', '2', '2'), ('249', 'BOX', '1', '2013-05-06 09:59:28', '2013-05-06 09:59:28', '2', '2'), ('250', 'BOX', '1', '2013-05-06 10:00:23', '2013-05-06 10:00:23', '2', '2'), ('251', 'BOX', '1', '2013-05-06 10:01:16', '2013-05-06 10:01:16', '2', '2'), ('252', 'BOX', '1', '2013-05-06 10:03:01', '2013-05-06 10:03:01', '2', '2'), ('253', 'BOX', '1', '2013-05-06 10:04:07', '2013-05-06 10:04:07', '2', '2'), ('254', 'BOX', '1', '2013-05-06 10:07:01', '2013-05-06 10:07:01', '2', '2'), ('255', 'BOX', '1', '2013-05-06 10:07:48', '2013-05-06 10:07:48', '2', '2'), ('256', 'BOX', '1', '2013-05-06 10:08:23', '2013-05-06 10:08:23', '2', '2'), ('257', 'BOX', '1', '2013-05-06 10:08:59', '2013-05-06 10:08:59', '2', '2'), ('258', 'BOX', '1', '2013-05-06 10:09:32', '2013-05-06 10:09:32', '2', '2'), ('259', 'BOX', '1', '2013-05-06 10:10:18', '2013-05-06 10:10:18', '2', '2'), ('260', 'BOX', '1', '2013-05-06 10:10:45', '2013-05-06 10:10:45', '2', '2'), ('261', 'BOX', '20', '2013-05-06 10:22:58', '2013-05-06 10:22:58', '2', '2'), ('261', 'PAK', '1', '2013-05-06 10:22:58', '2013-05-06 10:22:58', '2', '2'), ('262', 'BOX', '20', '2013-05-06 10:44:03', '2013-05-06 10:44:03', '2', '2'), ('262', 'PAK', '1', '2013-05-06 10:44:03', '2013-05-06 10:44:03', '2', '2'), ('263', 'BOX', '1', '2013-05-06 11:15:02', '2013-05-06 11:15:02', '2', '2'), ('264', 'BOX', '1', '2013-05-06 11:16:37', '2013-05-06 11:16:37', '2', '2'), ('265', 'BOX', '1', '2013-05-06 11:24:16', '2013-05-06 11:24:16', '2', '2'), ('266', 'BOX', '1', '2013-05-06 11:26:58', '2013-05-06 11:26:58', '2', '2'), ('267', 'BOX', '1', '2013-05-06 11:27:35', '2013-05-06 11:27:35', '2', '2'), ('268', 'BOX', '1', '2013-05-06 11:28:15', '2013-05-06 11:28:15', '2', '2'), ('269', 'BOX', '1', '2013-05-06 11:28:47', '2013-05-06 11:28:47', '2', '2'), ('270', 'BOX', '1', '2013-05-06 11:30:02', '2013-05-06 11:30:02', '2', '2'), ('271', 'BOX', '1', '2013-05-06 11:31:46', '2013-05-06 11:31:46', '2', '2'), ('272', 'BOX', '1', '2013-05-06 11:39:51', '2013-05-06 11:39:51', '2', '2'), ('273', 'BOX', '1', '2013-05-06 11:46:08', '2013-05-06 11:46:08', '2', '2'), ('274', 'BOX', '1', '2013-05-06 11:46:47', '2013-05-06 11:46:47', '2', '2'), ('275', 'BOX', '1', '2013-05-06 11:48:04', '2013-05-06 11:48:04', '2', '2'), ('276', 'BOX', '1', '2013-05-06 11:48:47', '2013-05-06 11:48:47', '2', '2'), ('277', 'BOX', '1', '2013-05-06 11:49:43', '2013-05-06 11:49:43', '2', '2'), ('278', 'BOX', '1', '2013-05-06 11:50:18', '2013-05-06 11:50:18', '2', '2'), ('279', 'BOX', '1', '2013-05-06 11:51:19', '2013-05-06 11:51:19', '2', '2'), ('280', 'BOX', '1', '2013-05-06 11:51:52', '2013-05-06 11:51:52', '2', '2'), ('281', 'BOX', '1', '2013-05-06 11:57:19', '2013-05-06 11:57:19', '2', '2'), ('282', 'BOX', '1', '2013-05-06 13:42:45', '2013-05-06 13:42:45', '2', '2'), ('283', 'BOX', '1', '2013-05-06 13:44:54', '2013-05-06 13:44:54', '2', '2'), ('284', 'BOX', '1', '2013-05-06 13:45:43', '2013-05-06 13:45:43', '2', '2'), ('285', 'BOX', '1', '2013-05-06 13:46:18', '2013-05-06 13:46:18', '2', '2'), ('286', 'BOX', '1', '2013-05-06 13:47:06', '2013-05-06 13:47:06', '2', '2'), ('287', 'BOX', '1', '2013-05-06 13:47:42', '2013-05-06 13:47:42', '2', '2'), ('288', 'PAK', '10', '2013-05-06 14:26:31', '2013-05-06 14:26:31', '2', '2'), ('288', 'BOX', '240', '2013-05-06 14:26:31', '2013-05-06 14:26:31', '2', '2'), ('288', 'PCS', '1', '2013-05-06 14:26:31', '2013-05-06 14:26:31', '2', '2'), ('289', 'PAK', '10', '2013-05-06 14:33:14', '2013-05-06 14:33:14', '2', '2'), ('289', 'BOX', '240', '2013-05-06 14:33:14', '2013-05-06 14:33:14', '2', '2'), ('289', 'PCS', '1', '2013-05-06 14:33:14', '2013-05-06 14:33:14', '2', '2'), ('290', 'PAK', '10', '2013-05-06 14:35:44', '2013-05-06 14:35:44', '2', '2'), ('290', 'BOX', '120', '2013-05-06 14:35:44', '2013-05-06 14:35:44', '2', '2'), ('290', 'PCS', '1', '2013-05-06 14:35:44', '2013-05-06 14:35:44', '2', '2'), ('291', 'PAK', '10', '2013-05-06 14:36:40', '2013-05-06 14:36:40', '2', '2'), ('291', 'BOX', '120', '2013-05-06 14:36:40', '2013-05-06 14:36:40', '2', '2'), ('291', 'PCS', '1', '2013-05-06 14:36:40', '2013-05-06 14:36:40', '2', '2'), ('292', 'PAK', '10', '2013-05-06 14:48:34', '2013-05-06 14:48:34', '2', '2'), ('292', 'BOX', '240', '2013-05-06 14:48:34', '2013-05-06 14:48:34', '2', '2'), ('292', 'PCS', '1', '2013-05-06 14:48:34', '2013-05-06 14:48:34', '2', '2'), ('293', 'PAK', '10', '2013-05-06 14:52:55', '2013-05-06 14:52:55', '2', '2'), ('293', 'BOX', '240', '2013-05-06 14:52:55', '2013-05-06 14:52:55', '2', '2'), ('293', 'PCS', '1', '2013-05-06 14:52:55', '2013-05-06 14:52:55', '2', '2'), ('294', 'PAK', '10', '2013-05-06 14:55:30', '2013-05-06 14:55:30', '2', '2'), ('294', 'DOS', '240', '2013-05-06 14:55:30', '2013-05-06 14:55:30', '2', '2'), ('294', 'PCS', '1', '2013-05-06 14:55:30', '2013-05-06 14:55:30', '2', '2'), ('295', 'PAK', '10', '2013-05-06 15:38:32', '2013-05-06 15:38:32', '2', '2'), ('295', 'BOX', '240', '2013-05-06 15:38:32', '2013-05-06 15:38:32', '2', '2'), ('295', 'PCS', '1', '2013-05-06 15:38:32', '2013-05-06 15:38:32', '2', '2'), ('296', 'PAK', '10', '2013-05-06 15:39:24', '2013-05-06 15:39:24', '2', '2'), ('296', 'BOX', '240', '2013-05-06 15:39:24', '2013-05-06 15:39:24', '2', '2'), ('296', 'PCS', '1', '2013-05-06 15:39:24', '2013-05-06 15:39:24', '2', '2'), ('297', 'PAK', '10', '2013-05-06 15:40:10', '2013-05-06 15:40:10', '2', '2'), ('297', 'BOX', '240', '2013-05-06 15:40:10', '2013-05-06 15:40:10', '2', '2'), ('297', 'PCS', '1', '2013-05-06 15:40:10', '2013-05-06 15:40:10', '2', '2'), ('298', 'PAK', '10', '2013-05-06 15:45:45', '2013-05-06 15:45:45', '2', '2'), ('298', 'BOX', '120', '2013-05-06 15:45:45', '2013-05-06 15:45:45', '2', '2'), ('298', 'PCS', '1', '2013-05-06 15:45:45', '2013-05-06 15:45:45', '2', '2'), ('299', 'PAK', '10', '2013-05-06 15:46:31', '2013-05-06 15:46:31', '2', '2'), ('299', 'BOX', '120', '2013-05-06 15:46:31', '2013-05-06 15:46:31', '2', '2'), ('299', 'PCS', '1', '2013-05-06 15:46:31', '2013-05-06 15:46:31', '2', '2'), ('300', 'PAK', '10', '2013-05-06 15:47:26', '2013-05-06 15:47:26', '2', '2'), ('300', 'BOX', '120', '2013-05-06 15:47:26', '2013-05-06 15:47:26', '2', '2'), ('300', 'PCS', '1', '2013-05-06 15:47:26', '2013-05-06 15:47:26', '2', '2'), ('301', 'PAK', '10', '2013-05-06 15:48:17', '2013-05-06 15:48:17', '2', '2'), ('301', 'BOX', '120', '2013-05-06 15:48:17', '2013-05-06 15:48:17', '2', '2'), ('301', 'PCS', '1', '2013-05-06 15:48:17', '2013-05-06 15:48:17', '2', '2'), ('302', 'PAK', '10', '2013-05-06 15:49:09', '2013-05-06 15:49:09', '2', '2'), ('302', 'BOX', '120', '2013-05-06 15:49:09', '2013-05-06 15:49:09', '2', '2'), ('302', 'PCS', '1', '2013-05-06 15:49:09', '2013-05-06 15:49:09', '2', '2'), ('303', 'PAK', '10', '2013-05-06 15:49:51', '2013-05-06 15:49:51', '2', '2'), ('303', 'BOX', '120', '2013-05-06 15:49:51', '2013-05-06 15:49:51', '2', '2'), ('303', 'PCS', '1', '2013-05-06 15:49:51', '2013-05-06 15:49:51', '2', '2'), ('304', 'PAK', '10', '2013-05-07 09:18:19', '2013-05-07 09:18:19', '2', '2'), ('304', 'BOX', '120', '2013-05-07 09:18:19', '2013-05-07 09:18:19', '2', '2'), ('304', 'PCS', '1', '2013-05-07 09:18:19', '2013-05-07 09:18:19', '2', '2'), ('305', 'PAK', '10', '2013-05-07 09:19:13', '2013-05-07 09:19:13', '2', '2'), ('305', 'BOX', '120', '2013-05-07 09:19:13', '2013-05-07 09:19:13', '2', '2'), ('305', 'PCS', '1', '2013-05-07 09:19:13', '2013-05-07 09:19:13', '2', '2'), ('306', 'PAK', '10', '2013-05-07 09:20:22', '2013-05-07 09:20:22', '2', '2'), ('306', 'BOX', '120', '2013-05-07 09:20:22', '2013-05-07 09:20:22', '2', '2'), ('306', 'PCS', '1', '2013-05-07 09:20:22', '2013-05-07 09:20:22', '2', '2'), ('307', 'PAK', '10', '2013-05-07 09:21:40', '2013-05-07 09:21:40', '2', '2'), ('307', 'BOX', '60', '2013-05-07 09:21:40', '2013-05-07 09:21:40', '2', '2'), ('307', 'PCS', '1', '2013-05-07 09:21:40', '2013-05-07 09:21:40', '2', '2'), ('308', 'PAK', '10', '2013-05-07 09:22:47', '2013-05-07 09:22:47', '2', '2'), ('308', 'BOX', '60', '2013-05-07 09:22:47', '2013-05-07 09:22:47', '2', '2'), ('308', 'PCS', '1', '2013-05-07 09:22:47', '2013-05-07 09:22:47', '2', '2'), ('309', 'PAK', '10', '2013-05-07 09:50:20', '2013-05-07 09:50:20', '2', '2'), ('309', 'BOX', '180', '2013-05-07 09:50:20', '2013-05-07 09:50:20', '2', '2'), ('309', 'PCS', '1', '2013-05-07 09:50:20', '2013-05-07 09:50:20', '2', '2'), ('310', 'PAK', '10', '2013-05-07 09:52:01', '2013-05-07 09:52:01', '2', '2'), ('310', 'BOX', '180', '2013-05-07 09:52:01', '2013-05-07 09:52:01', '2', '2'), ('310', 'PCS', '1', '2013-05-07 09:52:01', '2013-05-07 09:52:01', '2', '2'), ('311', 'PAK', '10', '2013-05-07 09:57:08', '2013-05-07 09:57:08', '2', '2'), ('311', 'BOX', '180', '2013-05-07 09:57:08', '2013-05-07 09:57:08', '2', '2'), ('311', 'PCS', '1', '2013-05-07 09:57:08', '2013-05-07 09:57:08', '2', '2'), ('312', 'PAK', '10', '2013-05-07 09:58:12', '2013-05-07 09:58:12', '2', '2'), ('312', 'BOX', '180', '2013-05-07 09:58:12', '2013-05-07 09:58:12', '2', '2'), ('312', 'PCS', '1', '2013-05-07 09:58:12', '2013-05-07 09:58:12', '2', '2'), ('313', 'PAK', '10', '2013-05-07 09:59:09', '2013-05-07 09:59:09', '2', '2'), ('313', 'BOX', '100', '2013-05-07 09:59:09', '2013-05-07 09:59:09', '2', '2'), ('313', 'PCS', '1', '2013-05-07 09:59:09', '2013-05-07 09:59:09', '2', '2'), ('314', 'PAK', '10', '2013-05-07 10:00:33', '2013-05-07 10:00:33', '2', '2'), ('314', 'BOX', '120', '2013-05-07 10:00:33', '2013-05-07 10:00:33', '2', '2'), ('314', 'PCS', '1', '2013-05-07 10:00:33', '2013-05-07 10:00:33', '2', '2'), ('315', 'PAK', '10', '2013-05-07 10:02:11', '2013-05-07 10:02:11', '2', '2'), ('315', 'BOX', '120', '2013-05-07 10:02:11', '2013-05-07 10:02:11', '2', '2'), ('315', 'PCS', '1', '2013-05-07 10:02:11', '2013-05-07 10:02:11', '2', '2'), ('316', 'PAK', '10', '2013-05-07 10:03:00', '2013-05-07 10:03:00', '2', '2'), ('316', 'BOX', '120', '2013-05-07 10:03:00', '2013-05-07 10:03:00', '2', '2'), ('316', 'PCS', '1', '2013-05-07 10:03:00', '2013-05-07 10:03:00', '2', '2'), ('317', 'PAK', '10', '2013-05-07 10:05:34', '2013-05-07 10:05:34', '2', '2'), ('317', 'BOX', '100', '2013-05-07 10:05:34', '2013-05-07 10:05:34', '2', '2'), ('317', 'PCS', '1', '2013-05-07 10:05:34', '2013-05-07 10:05:34', '2', '2');
COMMIT;

-- ----------------------------
--  Records of `user`
-- ----------------------------
BEGIN;
INSERT INTO `user` (`userid`, `username`, `fullname`, `password`, `password_salt`, `status`, `description`, `last_login`, `created_date`, `modified_date`, `created_by`, `modified_by`) VALUES ('2', 'indranov84', 'Indra Novianto', 'a616220932f4ee89cccbd01774fe98c497efe3f83d10dab66e77a55077659cd5cb15b9de902ff3a2e00e92279aa22191610f61b8', '902ff3a2e00e92279aa22191610f61b8', 'Aktif', '', '2013-05-21 09:39:13', '2013-04-30 04:32:04', '2013-04-30 04:32:04', '1', '1'), ('3', 'handoyo', 'Handoyo Atmodjo', 'fa821be92cbda78d72a38665a85faec83a66fd0b770e362374b69735a2d112cc3c9dec846b1dc9750062aabd5a76099e3112ecbb', '6b1dc9750062aabd5a76099e3112ecbb', 'Aktif', 'Manager Accounting &amp; Finance', '2013-05-16 16:33:32', '2013-04-30 04:33:42', '2013-04-30 04:33:42', '1', '1'), ('4', 'ellys', 'Ellys S', '4d4f3e4326cc45d121cc207b733a8922e4c9012ba9758a985f6239d0e0cc821441e7178478ed70fb28fcea21773c6e846463d26b', '78ed70fb28fcea21773c6e846463d26b', 'Aktif', '', null, '2013-04-30 14:46:34', '2013-04-30 14:46:34', '2', '2');
COMMIT;

-- ----------------------------
--  Records of `user_department`
-- ----------------------------
BEGIN;
INSERT INTO `user_department` (`userid`, `departmentid`, `created_date`, `modified_date`, `created_by`, `modified_by`) VALUES ('2', '5', '2013-04-30 04:32:04', '2013-04-30 04:32:04', '1', '1'), ('3', '2', '2013-04-30 04:33:42', '2013-04-30 04:33:42', '1', '1'), ('4', '4', '2013-04-30 14:46:34', '2013-04-30 14:46:34', '2', '2');
COMMIT;

-- ----------------------------
--  Records of `user_feature`
-- ----------------------------
BEGIN;
INSERT INTO `user_feature` (`userid`, `featureid`, `created_date`, `modified_date`, `created_by`, `modified_by`) VALUES ('1', '1', '2011-01-12 00:00:00', '2011-01-12 00:00:00', '1', '1'), ('1', '2', '2011-01-12 00:00:00', '2011-01-12 00:00:00', '1', '1'), ('1', '3', '2011-01-12 00:00:00', '2011-01-12 00:00:00', '1', '1'), ('1', '4', '2011-01-12 00:00:00', '2011-01-12 00:00:00', '1', '1'), ('1', '5', '2011-01-12 00:00:00', '2011-01-12 00:00:00', '1', '1'), ('1', '11', '2011-01-12 00:00:00', '2011-01-12 00:00:00', '1', '1'), ('1', '12', '2011-01-12 00:00:00', '2011-01-12 00:00:00', '1', '1'), ('1', '13', '2011-01-12 00:00:00', '2011-01-12 00:00:00', '1', '1'), ('1', '14', '2011-01-12 00:00:00', '2011-01-12 00:00:00', '1', '1'), ('1', '15', '2011-01-12 00:00:00', '2011-01-12 00:00:00', '1', '1'), ('1', '16', '2011-01-12 00:00:00', '2011-01-12 00:00:00', '1', '1'), ('1', '21', '2011-01-12 00:00:00', '2011-01-12 00:00:00', '1', '1'), ('1', '22', '2011-01-12 00:00:00', '2011-01-12 00:00:00', '1', '1'), ('1', '23', '2011-01-12 00:00:00', '2011-01-12 00:00:00', '1', '1'), ('1', '24', '2011-01-12 00:00:00', '2011-01-12 00:00:00', '1', '1'), ('1', '25', '2011-01-12 00:00:00', '2011-01-12 00:00:00', '1', '1'), ('1', '31', '2011-01-12 00:00:00', '2011-01-12 00:00:00', '1', '1'), ('1', '32', '2011-01-12 00:00:00', '2011-01-12 00:00:00', '1', '1'), ('1', '33', '2011-01-12 00:00:00', '2011-01-12 00:00:00', '1', '1'), ('1', '34', '2011-01-12 00:00:00', '2011-01-12 00:00:00', '1', '1'), ('1', '35', '2011-01-12 00:00:00', '2011-01-12 00:00:00', '1', '1'), ('1', '41', '2011-01-12 00:00:00', '2011-01-12 00:00:00', '1', '1'), ('1', '42', '2011-01-12 00:00:00', '2011-01-12 00:00:00', '1', '1'), ('1', '43', '2011-01-12 00:00:00', '2011-01-12 00:00:00', '1', '1'), ('1', '44', '2011-01-12 00:00:00', '2011-01-12 00:00:00', '1', '1'), ('1', '45', '2011-01-12 00:00:00', '2011-01-12 00:00:00', '1', '1'), ('1', '51', '2011-01-12 00:00:00', '2011-01-12 00:00:00', '1', '1'), ('1', '52', '2011-01-12 00:00:00', '2011-01-12 00:00:00', '1', '1'), ('1', '53', '2011-01-12 00:00:00', '2011-01-12 00:00:00', '1', '1'), ('1', '54', '2011-01-12 00:00:00', '2011-01-12 00:00:00', '1', '1'), ('1', '55', '2011-01-12 00:00:00', '2011-01-12 00:00:00', '1', '1'), ('1', '61', '2011-01-12 00:00:00', '2011-01-12 00:00:00', '1', '1'), ('1', '62', '2011-01-12 00:00:00', '2011-01-12 00:00:00', '1', '1'), ('1', '63', '2011-01-12 00:00:00', '2011-01-12 00:00:00', '1', '1'), ('1', '64', '2011-01-12 00:00:00', '2011-01-12 00:00:00', '1', '1'), ('1', '65', '2011-01-12 00:00:00', '2011-01-12 00:00:00', '1', '1'), ('1', '71', '2011-01-12 00:00:00', '2011-01-12 00:00:00', '1', '1'), ('1', '72', '2011-01-12 00:00:00', '2011-01-12 00:00:00', '1', '1'), ('1', '73', '2011-01-12 00:00:00', '2011-01-12 00:00:00', '1', '1'), ('1', '74', '2011-01-12 00:00:00', '2011-01-12 00:00:00', '1', '1'), ('1', '75', '2011-01-12 00:00:00', '2011-01-12 00:00:00', '1', '1'), ('1', '81', '2011-01-12 00:00:00', '2011-01-12 00:00:00', '1', '1'), ('1', '82', '2011-01-12 00:00:00', '2011-01-12 00:00:00', '1', '1'), ('1', '83', '2011-01-12 00:00:00', '2011-01-12 00:00:00', '1', '1'), ('1', '84', '2011-01-12 00:00:00', '2011-01-12 00:00:00', '1', '1'), ('1', '85', '2011-01-12 00:00:00', '2011-01-12 00:00:00', '1', '1'), ('1', '101', '2011-01-12 00:00:00', '2011-01-12 00:00:00', '1', '1'), ('1', '102', '2011-01-12 00:00:00', '2011-01-12 00:00:00', '1', '1'), ('1', '103', '2011-01-12 00:00:00', '2011-01-12 00:00:00', '1', '1'), ('1', '104', '2011-01-12 00:00:00', '2011-01-12 00:00:00', '1', '1'), ('1', '105', '2011-01-12 00:00:00', '2011-01-12 00:00:00', '1', '1'), ('1', '106', '2011-01-12 00:00:00', '2011-01-12 00:00:00', '1', '1'), ('1', '107', '2011-01-12 00:00:00', '2011-01-12 00:00:00', '1', '1'), ('1', '108', '2011-01-12 00:00:00', '2011-01-12 00:00:00', '1', '1'), ('1', '109', '2011-01-12 00:00:00', '2011-01-12 00:00:00', '1', '1'), ('1', '110', '2011-01-12 00:00:00', '2011-01-12 00:00:00', '1', '1'), ('1', '111', '2011-01-12 00:00:00', '2011-01-12 00:00:00', '1', '1'), ('1', '112', '2011-01-12 00:00:00', '2011-01-12 00:00:00', '1', '1'), ('1', '113', '2011-01-12 00:00:00', '2011-01-12 00:00:00', '1', '1'), ('1', '114', '2011-01-12 00:00:00', '2011-01-12 00:00:00', '1', '1'), ('1', '115', '2011-01-12 00:00:00', '2011-01-12 00:00:00', '1', '1'), ('1', '116', '2011-01-12 00:00:00', '2011-01-12 00:00:00', '1', '1'), ('1', '117', '2011-01-12 00:00:00', '2011-01-12 00:00:00', '1', '1'), ('1', '118', '2011-01-12 00:00:00', '2011-01-12 00:00:00', '1', '1'), ('1', '119', '2011-01-12 00:00:00', '2011-01-12 00:00:00', '1', '1'), ('1', '120', '2011-01-12 00:00:00', '2011-01-12 00:00:00', '1', '1'), ('1', '121', '2011-01-12 00:00:00', '2011-01-12 00:00:00', '1', '1'), ('1', '122', '2011-01-12 00:00:00', '2011-01-12 00:00:00', '1', '1'), ('1', '123', '2011-01-12 00:00:00', '2011-01-12 00:00:00', '1', '1'), ('1', '124', '2011-01-12 00:00:00', '2011-01-12 00:00:00', '1', '1'), ('1', '125', '2011-01-12 00:00:00', '2011-01-12 00:00:00', '1', '1'), ('1', '126', '2011-01-12 00:00:00', '2011-01-12 00:00:00', '1', '1'), ('1', '127', '2011-01-12 00:00:00', '2011-01-12 00:00:00', '1', '1'), ('1', '128', '2011-01-12 00:00:00', '2011-01-12 00:00:00', '1', '1'), ('1', '129', '2011-01-12 00:00:00', '2011-01-12 00:00:00', '1', '1'), ('1', '130', '2011-01-12 00:00:00', '2011-01-12 00:00:00', '1', '1'), ('1', '131', '2011-01-12 00:00:00', '2011-01-12 00:00:00', '1', '1'), ('1', '132', '2011-01-12 00:00:00', '2011-01-12 00:00:00', '1', '1'), ('1', '133', '2011-01-12 00:00:00', '2011-01-12 00:00:00', '1', '1'), ('1', '134', '2011-01-12 00:00:00', '2011-01-12 00:00:00', '1', '1'), ('1', '141', '2011-01-12 00:00:00', '2011-01-12 00:00:00', '1', '1'), ('1', '142', '2011-01-12 00:00:00', '2011-01-12 00:00:00', '1', '1'), ('1', '143', '2011-01-12 00:00:00', '2011-01-12 00:00:00', '1', '1'), ('1', '144', '2011-01-12 00:00:00', '2011-01-12 00:00:00', '1', '1'), ('1', '145', '2011-01-12 00:00:00', '2011-01-12 00:00:00', '1', '1'), ('1', '151', '2011-01-12 00:00:00', '2011-01-12 00:00:00', '1', '1'), ('1', '152', '2011-01-12 00:00:00', '2011-01-12 00:00:00', '1', '1'), ('1', '153', '2011-01-12 00:00:00', '2011-01-12 00:00:00', '1', '1'), ('1', '154', '2011-01-12 00:00:00', '2011-01-12 00:00:00', '1', '1'), ('1', '155', '2011-01-12 00:00:00', '2011-01-12 00:00:00', '1', '1'), ('1', '161', '2011-01-12 00:00:00', '2011-01-12 00:00:00', '1', '1'), ('1', '162', '2011-01-12 00:00:00', '2011-01-12 00:00:00', '1', '1'), ('1', '163', '2011-01-12 00:00:00', '2011-01-12 00:00:00', '1', '1'), ('1', '164', '2011-01-12 00:00:00', '2011-01-12 00:00:00', '1', '1'), ('1', '165', '2011-01-12 00:00:00', '2011-01-12 00:00:00', '1', '1'), ('1', '166', '2011-01-12 00:00:00', '2011-01-12 00:00:00', '1', '1'), ('2', '1', '2013-04-30 04:32:04', '2013-04-30 04:32:04', '1', '1'), ('2', '2', '2013-04-30 04:32:04', '2013-04-30 04:32:04', '1', '1'), ('2', '3', '2013-04-30 04:32:04', '2013-04-30 04:32:04', '1', '1'), ('2', '4', '2013-04-30 04:32:04', '2013-04-30 04:32:04', '1', '1'), ('2', '5', '2013-04-30 04:32:04', '2013-04-30 04:32:04', '1', '1'), ('2', '11', '2013-04-30 04:32:04', '2013-04-30 04:32:04', '1', '1'), ('2', '12', '2013-04-30 04:32:04', '2013-04-30 04:32:04', '1', '1'), ('2', '13', '2013-04-30 04:32:04', '2013-04-30 04:32:04', '1', '1'), ('2', '14', '2013-04-30 04:32:04', '2013-04-30 04:32:04', '1', '1'), ('2', '15', '2013-04-30 04:32:04', '2013-04-30 04:32:04', '1', '1'), ('2', '16', '2013-04-30 04:32:04', '2013-04-30 04:32:04', '1', '1'), ('2', '21', '2013-04-30 04:32:04', '2013-04-30 04:32:04', '1', '1'), ('2', '22', '2013-04-30 04:32:04', '2013-04-30 04:32:04', '1', '1'), ('2', '23', '2013-04-30 04:32:04', '2013-04-30 04:32:04', '1', '1'), ('2', '24', '2013-04-30 04:32:04', '2013-04-30 04:32:04', '1', '1'), ('2', '25', '2013-04-30 04:32:04', '2013-04-30 04:32:04', '1', '1'), ('2', '31', '2013-04-30 04:32:04', '2013-04-30 04:32:04', '1', '1'), ('2', '32', '2013-04-30 04:32:04', '2013-04-30 04:32:04', '1', '1'), ('2', '33', '2013-04-30 04:32:04', '2013-04-30 04:32:04', '1', '1'), ('2', '34', '2013-04-30 04:32:04', '2013-04-30 04:32:04', '1', '1'), ('2', '35', '2013-04-30 04:32:04', '2013-04-30 04:32:04', '1', '1'), ('2', '41', '2013-04-30 04:32:04', '2013-04-30 04:32:04', '1', '1'), ('2', '42', '2013-04-30 04:32:04', '2013-04-30 04:32:04', '1', '1'), ('2', '43', '2013-04-30 04:32:04', '2013-04-30 04:32:04', '1', '1'), ('2', '44', '2013-04-30 04:32:04', '2013-04-30 04:32:04', '1', '1'), ('2', '45', '2013-04-30 04:32:04', '2013-04-30 04:32:04', '1', '1'), ('2', '51', '2013-04-30 04:32:04', '2013-04-30 04:32:04', '1', '1'), ('2', '52', '2013-04-30 04:32:04', '2013-04-30 04:32:04', '1', '1'), ('2', '53', '2013-04-30 04:32:04', '2013-04-30 04:32:04', '1', '1'), ('2', '54', '2013-04-30 04:32:04', '2013-04-30 04:32:04', '1', '1'), ('2', '55', '2013-04-30 04:32:04', '2013-04-30 04:32:04', '1', '1'), ('2', '61', '2013-04-30 04:32:04', '2013-04-30 04:32:04', '1', '1'), ('2', '62', '2013-04-30 04:32:04', '2013-04-30 04:32:04', '1', '1'), ('2', '63', '2013-04-30 04:32:04', '2013-04-30 04:32:04', '1', '1'), ('2', '64', '2013-04-30 04:32:04', '2013-04-30 04:32:04', '1', '1'), ('2', '65', '2013-04-30 04:32:04', '2013-04-30 04:32:04', '1', '1'), ('2', '71', '2013-04-30 04:32:04', '2013-04-30 04:32:04', '1', '1'), ('2', '72', '2013-04-30 04:32:04', '2013-04-30 04:32:04', '1', '1'), ('2', '73', '2013-04-30 04:32:04', '2013-04-30 04:32:04', '1', '1'), ('2', '74', '2013-04-30 04:32:04', '2013-04-30 04:32:04', '1', '1'), ('2', '75', '2013-04-30 04:32:04', '2013-04-30 04:32:04', '1', '1'), ('2', '81', '2013-04-30 04:32:04', '2013-04-30 04:32:04', '1', '1'), ('2', '82', '2013-04-30 04:32:04', '2013-04-30 04:32:04', '1', '1'), ('2', '83', '2013-04-30 04:32:04', '2013-04-30 04:32:04', '1', '1'), ('2', '84', '2013-04-30 04:32:04', '2013-04-30 04:32:04', '1', '1'), ('2', '85', '2013-04-30 04:32:04', '2013-04-30 04:32:04', '1', '1'), ('2', '101', '2013-04-30 04:32:04', '2013-04-30 04:32:04', '1', '1'), ('2', '102', '2013-04-30 04:32:04', '2013-04-30 04:32:04', '1', '1'), ('2', '103', '2013-04-30 04:32:04', '2013-04-30 04:32:04', '1', '1'), ('2', '104', '2013-04-30 04:32:04', '2013-04-30 04:32:04', '1', '1'), ('2', '105', '2013-04-30 04:32:04', '2013-04-30 04:32:04', '1', '1'), ('2', '106', '2013-04-30 04:32:04', '2013-04-30 04:32:04', '1', '1'), ('2', '107', '2013-04-30 04:32:04', '2013-04-30 04:32:04', '1', '1'), ('2', '108', '2013-04-30 04:32:04', '2013-04-30 04:32:04', '1', '1'), ('2', '109', '2013-04-30 04:32:04', '2013-04-30 04:32:04', '1', '1'), ('2', '110', '2013-04-30 04:32:04', '2013-04-30 04:32:04', '1', '1'), ('2', '111', '2013-04-30 04:32:04', '2013-04-30 04:32:04', '1', '1'), ('2', '112', '2013-04-30 04:32:04', '2013-04-30 04:32:04', '1', '1'), ('2', '113', '2013-04-30 04:32:04', '2013-04-30 04:32:04', '1', '1'), ('2', '114', '2013-04-30 04:32:04', '2013-04-30 04:32:04', '1', '1'), ('2', '115', '2013-04-30 04:32:04', '2013-04-30 04:32:04', '1', '1'), ('2', '116', '2013-04-30 04:32:04', '2013-04-30 04:32:04', '1', '1'), ('2', '117', '2013-04-30 04:32:04', '2013-04-30 04:32:04', '1', '1'), ('2', '118', '2013-04-30 04:32:04', '2013-04-30 04:32:04', '1', '1'), ('2', '119', '2013-04-30 04:32:04', '2013-04-30 04:32:04', '1', '1'), ('2', '120', '2013-04-30 04:32:04', '2013-04-30 04:32:04', '1', '1'), ('2', '121', '2013-04-30 04:32:04', '2013-04-30 04:32:04', '1', '1'), ('2', '122', '2013-04-30 04:32:04', '2013-04-30 04:32:04', '1', '1'), ('2', '123', '2013-04-30 04:32:04', '2013-04-30 04:32:04', '1', '1'), ('2', '124', '2013-04-30 04:32:04', '2013-04-30 04:32:04', '1', '1'), ('2', '125', '2013-04-30 04:32:04', '2013-04-30 04:32:04', '1', '1'), ('2', '126', '2013-04-30 04:32:04', '2013-04-30 04:32:04', '1', '1'), ('2', '127', '2013-04-30 04:32:04', '2013-04-30 04:32:04', '1', '1'), ('2', '128', '2013-04-30 04:32:04', '2013-04-30 04:32:04', '1', '1'), ('2', '129', '2013-04-30 04:32:04', '2013-04-30 04:32:04', '1', '1'), ('2', '130', '2013-04-30 04:32:04', '2013-04-30 04:32:04', '1', '1'), ('2', '131', '2013-04-30 04:32:04', '2013-04-30 04:32:04', '1', '1'), ('2', '132', '2013-04-30 04:32:04', '2013-04-30 04:32:04', '1', '1'), ('2', '133', '2013-04-30 04:32:04', '2013-04-30 04:32:04', '1', '1'), ('2', '134', '2013-04-30 04:32:04', '2013-04-30 04:32:04', '1', '1'), ('2', '141', '2013-04-30 04:32:04', '2013-04-30 04:32:04', '1', '1'), ('2', '142', '2013-04-30 04:32:04', '2013-04-30 04:32:04', '1', '1'), ('2', '143', '2013-04-30 04:32:04', '2013-04-30 04:32:04', '1', '1'), ('2', '144', '2013-04-30 04:32:04', '2013-04-30 04:32:04', '1', '1'), ('2', '145', '2013-04-30 04:32:04', '2013-04-30 04:32:04', '1', '1'), ('2', '151', '2013-04-30 04:32:04', '2013-04-30 04:32:04', '1', '1'), ('2', '152', '2013-04-30 04:32:04', '2013-04-30 04:32:04', '1', '1'), ('2', '153', '2013-04-30 04:32:04', '2013-04-30 04:32:04', '1', '1'), ('2', '154', '2013-04-30 04:32:04', '2013-04-30 04:32:04', '1', '1'), ('2', '155', '2013-04-30 04:32:04', '2013-04-30 04:32:04', '1', '1'), ('2', '161', '2013-04-30 04:32:04', '2013-04-30 04:32:04', '1', '1'), ('2', '162', '2013-04-30 04:32:04', '2013-04-30 04:32:04', '1', '1'), ('2', '163', '2013-04-30 04:32:04', '2013-04-30 04:32:04', '1', '1'), ('2', '164', '2013-04-30 04:32:04', '2013-04-30 04:32:04', '1', '1'), ('2', '165', '2013-04-30 04:32:04', '2013-04-30 04:32:04', '1', '1'), ('2', '166', '2013-04-30 04:32:04', '2013-04-30 04:32:04', '1', '1'), ('3', '1', '2013-04-30 04:33:42', '2013-04-30 04:33:42', '1', '1'), ('3', '2', '2013-04-30 04:33:42', '2013-04-30 04:33:42', '1', '1'), ('3', '3', '2013-04-30 04:33:42', '2013-04-30 04:33:42', '1', '1'), ('3', '4', '2013-04-30 04:33:42', '2013-04-30 04:33:42', '1', '1'), ('3', '5', '2013-04-30 04:33:42', '2013-04-30 04:33:42', '1', '1'), ('3', '11', '2013-04-30 04:33:42', '2013-04-30 04:33:42', '1', '1'), ('3', '12', '2013-04-30 04:33:42', '2013-04-30 04:33:42', '1', '1'), ('3', '13', '2013-04-30 04:33:42', '2013-04-30 04:33:42', '1', '1'), ('3', '14', '2013-04-30 04:33:42', '2013-04-30 04:33:42', '1', '1'), ('3', '15', '2013-04-30 04:33:42', '2013-04-30 04:33:42', '1', '1'), ('3', '16', '2013-04-30 04:33:42', '2013-04-30 04:33:42', '1', '1'), ('3', '21', '2013-04-30 04:33:42', '2013-04-30 04:33:42', '1', '1'), ('3', '22', '2013-04-30 04:33:42', '2013-04-30 04:33:42', '1', '1'), ('3', '23', '2013-04-30 04:33:42', '2013-04-30 04:33:42', '1', '1'), ('3', '24', '2013-04-30 04:33:42', '2013-04-30 04:33:42', '1', '1'), ('3', '25', '2013-04-30 04:33:42', '2013-04-30 04:33:42', '1', '1'), ('3', '31', '2013-04-30 04:33:42', '2013-04-30 04:33:42', '1', '1'), ('3', '32', '2013-04-30 04:33:42', '2013-04-30 04:33:42', '1', '1'), ('3', '33', '2013-04-30 04:33:42', '2013-04-30 04:33:42', '1', '1'), ('3', '34', '2013-04-30 04:33:42', '2013-04-30 04:33:42', '1', '1'), ('3', '35', '2013-04-30 04:33:42', '2013-04-30 04:33:42', '1', '1'), ('3', '41', '2013-04-30 04:33:42', '2013-04-30 04:33:42', '1', '1'), ('3', '42', '2013-04-30 04:33:42', '2013-04-30 04:33:42', '1', '1'), ('3', '43', '2013-04-30 04:33:42', '2013-04-30 04:33:42', '1', '1'), ('3', '44', '2013-04-30 04:33:42', '2013-04-30 04:33:42', '1', '1'), ('3', '45', '2013-04-30 04:33:42', '2013-04-30 04:33:42', '1', '1'), ('3', '51', '2013-04-30 04:33:42', '2013-04-30 04:33:42', '1', '1'), ('3', '52', '2013-04-30 04:33:42', '2013-04-30 04:33:42', '1', '1'), ('3', '53', '2013-04-30 04:33:42', '2013-04-30 04:33:42', '1', '1'), ('3', '54', '2013-04-30 04:33:42', '2013-04-30 04:33:42', '1', '1'), ('3', '55', '2013-04-30 04:33:42', '2013-04-30 04:33:42', '1', '1'), ('3', '61', '2013-04-30 04:33:42', '2013-04-30 04:33:42', '1', '1'), ('3', '62', '2013-04-30 04:33:42', '2013-04-30 04:33:42', '1', '1'), ('3', '63', '2013-04-30 04:33:42', '2013-04-30 04:33:42', '1', '1'), ('3', '64', '2013-04-30 04:33:42', '2013-04-30 04:33:42', '1', '1'), ('3', '65', '2013-04-30 04:33:42', '2013-04-30 04:33:42', '1', '1'), ('3', '71', '2013-04-30 04:33:42', '2013-04-30 04:33:42', '1', '1'), ('3', '72', '2013-04-30 04:33:42', '2013-04-30 04:33:42', '1', '1'), ('3', '73', '2013-04-30 04:33:42', '2013-04-30 04:33:42', '1', '1'), ('3', '74', '2013-04-30 04:33:42', '2013-04-30 04:33:42', '1', '1'), ('3', '75', '2013-04-30 04:33:42', '2013-04-30 04:33:42', '1', '1'), ('3', '81', '2013-04-30 04:33:42', '2013-04-30 04:33:42', '1', '1'), ('3', '82', '2013-04-30 04:33:42', '2013-04-30 04:33:42', '1', '1'), ('3', '83', '2013-04-30 04:33:42', '2013-04-30 04:33:42', '1', '1'), ('3', '84', '2013-04-30 04:33:42', '2013-04-30 04:33:42', '1', '1'), ('3', '85', '2013-04-30 04:33:42', '2013-04-30 04:33:42', '1', '1'), ('3', '101', '2013-04-30 04:33:42', '2013-04-30 04:33:42', '1', '1'), ('3', '102', '2013-04-30 04:33:42', '2013-04-30 04:33:42', '1', '1'), ('3', '103', '2013-04-30 04:33:42', '2013-04-30 04:33:42', '1', '1'), ('3', '104', '2013-04-30 04:33:42', '2013-04-30 04:33:42', '1', '1'), ('3', '105', '2013-04-30 04:33:42', '2013-04-30 04:33:42', '1', '1'), ('3', '106', '2013-04-30 04:33:42', '2013-04-30 04:33:42', '1', '1'), ('3', '107', '2013-04-30 04:33:42', '2013-04-30 04:33:42', '1', '1'), ('3', '108', '2013-04-30 04:33:42', '2013-04-30 04:33:42', '1', '1'), ('3', '109', '2013-04-30 04:33:42', '2013-04-30 04:33:42', '1', '1'), ('3', '110', '2013-04-30 04:33:42', '2013-04-30 04:33:42', '1', '1'), ('3', '111', '2013-04-30 04:33:42', '2013-04-30 04:33:42', '1', '1'), ('3', '112', '2013-04-30 04:33:42', '2013-04-30 04:33:42', '1', '1'), ('3', '113', '2013-04-30 04:33:42', '2013-04-30 04:33:42', '1', '1'), ('3', '114', '2013-04-30 04:33:42', '2013-04-30 04:33:42', '1', '1'), ('3', '115', '2013-04-30 04:33:42', '2013-04-30 04:33:42', '1', '1'), ('3', '116', '2013-04-30 04:33:42', '2013-04-30 04:33:42', '1', '1'), ('3', '117', '2013-04-30 04:33:42', '2013-04-30 04:33:42', '1', '1'), ('3', '118', '2013-04-30 04:33:42', '2013-04-30 04:33:42', '1', '1'), ('3', '119', '2013-04-30 04:33:42', '2013-04-30 04:33:42', '1', '1'), ('3', '120', '2013-04-30 04:33:42', '2013-04-30 04:33:42', '1', '1'), ('3', '121', '2013-04-30 04:33:42', '2013-04-30 04:33:42', '1', '1'), ('3', '122', '2013-04-30 04:33:42', '2013-04-30 04:33:42', '1', '1'), ('3', '123', '2013-04-30 04:33:42', '2013-04-30 04:33:42', '1', '1'), ('3', '124', '2013-04-30 04:33:42', '2013-04-30 04:33:42', '1', '1'), ('3', '125', '2013-04-30 04:33:42', '2013-04-30 04:33:42', '1', '1'), ('3', '126', '2013-04-30 04:33:42', '2013-04-30 04:33:42', '1', '1'), ('3', '127', '2013-04-30 04:33:42', '2013-04-30 04:33:42', '1', '1'), ('3', '128', '2013-04-30 04:33:42', '2013-04-30 04:33:42', '1', '1'), ('3', '129', '2013-04-30 04:33:42', '2013-04-30 04:33:42', '1', '1'), ('3', '130', '2013-04-30 04:33:42', '2013-04-30 04:33:42', '1', '1'), ('3', '131', '2013-04-30 04:33:42', '2013-04-30 04:33:42', '1', '1'), ('3', '132', '2013-04-30 04:33:42', '2013-04-30 04:33:42', '1', '1'), ('3', '133', '2013-04-30 04:33:42', '2013-04-30 04:33:42', '1', '1'), ('3', '134', '2013-04-30 04:33:42', '2013-04-30 04:33:42', '1', '1'), ('3', '141', '2013-04-30 04:33:42', '2013-04-30 04:33:42', '1', '1'), ('3', '142', '2013-04-30 04:33:42', '2013-04-30 04:33:42', '1', '1'), ('3', '143', '2013-04-30 04:33:42', '2013-04-30 04:33:42', '1', '1'), ('3', '144', '2013-04-30 04:33:42', '2013-04-30 04:33:42', '1', '1'), ('3', '145', '2013-04-30 04:33:42', '2013-04-30 04:33:42', '1', '1'), ('3', '151', '2013-04-30 04:33:42', '2013-04-30 04:33:42', '1', '1'), ('3', '152', '2013-04-30 04:33:42', '2013-04-30 04:33:42', '1', '1'), ('3', '153', '2013-04-30 04:33:42', '2013-04-30 04:33:42', '1', '1'), ('3', '154', '2013-04-30 04:33:42', '2013-04-30 04:33:42', '1', '1'), ('3', '155', '2013-04-30 04:33:42', '2013-04-30 04:33:42', '1', '1'), ('3', '161', '2013-04-30 04:33:42', '2013-04-30 04:33:42', '1', '1'), ('3', '162', '2013-04-30 04:33:42', '2013-04-30 04:33:42', '1', '1'), ('3', '163', '2013-04-30 04:33:42', '2013-04-30 04:33:42', '1', '1'), ('3', '164', '2013-04-30 04:33:42', '2013-04-30 04:33:42', '1', '1'), ('3', '165', '2013-04-30 04:33:42', '2013-04-30 04:33:42', '1', '1'), ('3', '166', '2013-04-30 04:33:42', '2013-04-30 04:33:42', '1', '1'), ('4', '31', '2013-04-30 14:46:34', '2013-04-30 14:46:34', '2', '2'), ('4', '35', '2013-04-30 14:46:34', '2013-04-30 14:46:34', '2', '2'), ('4', '41', '2013-04-30 14:46:34', '2013-04-30 14:46:34', '2', '2'), ('4', '45', '2013-04-30 14:46:34', '2013-04-30 14:46:34', '2', '2'), ('4', '111', '2013-04-30 14:46:34', '2013-04-30 14:46:34', '2', '2'), ('4', '112', '2013-04-30 14:46:34', '2013-04-30 14:46:34', '2', '2'), ('4', '113', '2013-04-30 14:46:34', '2013-04-30 14:46:34', '2', '2'), ('4', '114', '2013-04-30 14:46:34', '2013-04-30 14:46:34', '2', '2'), ('4', '115', '2013-04-30 14:46:34', '2013-04-30 14:46:34', '2', '2'), ('4', '116', '2013-04-30 14:46:34', '2013-04-30 14:46:34', '2', '2'), ('4', '118', '2013-04-30 14:46:34', '2013-04-30 14:46:34', '2', '2'), ('4', '120', '2013-04-30 14:46:34', '2013-04-30 14:46:34', '2', '2'), ('4', '161', '2013-04-30 14:46:34', '2013-04-30 14:46:34', '2', '2'), ('4', '162', '2013-04-30 14:46:34', '2013-04-30 14:46:34', '2', '2'), ('4', '163', '2013-04-30 14:46:34', '2013-04-30 14:46:34', '2', '2'), ('4', '164', '2013-04-30 14:46:34', '2013-04-30 14:46:34', '2', '2'), ('4', '165', '2013-04-30 14:46:34', '2013-04-30 14:46:34', '2', '2'), ('4', '166', '2013-04-30 14:46:34', '2013-04-30 14:46:34', '2', '2');
COMMIT;

-- ----------------------------
--  Records of `warehouse`
-- ----------------------------
BEGIN;
INSERT INTO `warehouse` (`warehouseid`, `code`, `name`, `status`, `created_date`, `modified_date`, `created_by`, `modified_by`) VALUES ('1', 'GDG1', 'Gudang C-9', 'Aktif', '2013-05-07 14:10:53', '2013-05-07 14:10:53', '2', '2'), ('2', 'GDG2', 'Gudang Jj', 'Aktif', '2013-05-07 14:11:06', '2013-05-07 14:11:06', '2', '2');
COMMIT;

SET FOREIGN_KEY_CHECKS = 1;
